"nuts","milk","gluten","soy","peanut","eggs","code","source","ingredients"
1.0,0.0,0.0,1.0,0.0,0.0,42256199.0,"alnatura","Duits: Orangenschale gefriergetrocknet; gerieben 97%; Orangenöl 3% Sporen: Mosterd; Noten; Soja"
1.0,0.0,0.0,1.0,0.0,0.0,42256199.0,"open_food_facts","Duits: Orangenschale gefriergetrocknet; gerieben 97%; Orangenöl 3% Sporen: Mosterd; Noten; Soja"
1.0,0.0,0.0,0.0,0.0,0.0,42256199.0,"piccantino","97% sinaasappelschillen (gevriesdroogd; geraspt)|3% sinaasappel olie"
0.0,0.0,2.0,1.0,0.0,0.0,4104420022287.0,"alnatura","Duits: Gerste Allergenen: Gluten Sporen: Sesamzaad; Soja"
0.0,0.0,2.0,1.0,0.0,0.0,4104420022287.0,"open_food_facts","Duits: Gerste Allergenen: Gluten Sporen: Sesamzaad; Soja"
2.0,2.0,1.0,1.0,0.0,0.0,4104420179189.0,"alnatura","Duits: Marzipanrohmasse 45% (Mandeln 52%; Rohrohrzucker; Invertzuckersirup; Wasser); weiße Schokolade 20% (Rohrohrzucker; Kakaobutter; Vollmilchpulver). Rohrohrzucker; Mohn 7%; Invertzuckersirup; Rosenwasser; Alkohol 0;4% Allergenen: Melk; Noten Sporen: Gluten; Noten; Sesamzaad; Soja"
2.0,2.0,1.0,1.0,0.0,0.0,4104420179189.0,"open_food_facts","Duits: Marzipanrohmasse 45% (Mandeln 52%; Rohrohrzucker; Invertzuckersirup; Wasser); weiße Schokolade 20% (Rohrohrzucker; Kakaobutter; Vollmilchpulver). Rohrohrzucker; Mohn 7%; Invertzuckersirup; Rosenwasser; Alkohol 0;4% Allergenen: Melk; Noten Sporen: Gluten; Noten; Sesamzaad; Soja"
0.0,0.0,2.0,1.0,0.0,0.0,4104420016149.0,"alnatura","Duits: Weizenmehl Type 1050 Allergenen: Gluten Sporen: Lupine; Soja"
0.0,0.0,2.0,1.0,0.0,0.0,4104420016149.0,"dasistdrin","Zutaten / Inhaltsstoffe: Weizenmehl 1050**. Kann Spuren von Lupinen enthalten. * aus ökologischer Landwirtschaft ** aus biologisch-dynamischer Landwirtschaft"
0.0,0.0,2.0,1.0,0.0,0.0,4104420016149.0,"open_food_facts","Duits: Weizenmehl Type 1050 Allergenen: Gluten Sporen: Lupine; Soja"
0.0,0.0,0.0,0.0,0.0,0.0,4104420060180.0,"alnatura","Duits: Rooibos* *aus biologischer Landwirtschaft Herkunft: 5üdafrika"
0.0,0.0,0.0,0.0,0.0,0.0,4104420060180.0,"dasistdrin","Zutaten / Inhaltsstoffe: Rooibos*. * aus ökologischer Landwirtschaft ** aus biologisch-dynamischer Landwirtschaft"
0.0,0.0,0.0,0.0,0.0,0.0,4104420060180.0,"open_food_facts","Duits: Rooibos* *aus biologischer Landwirtschaft Herkunft: 5üdafrika"
2.0,2.0,1.0,1.0,0.0,0.0,4104420007963.0,"alnatura","Frans: Chocolat au lait* 38 % (sucre de canne brut*; beurre de cacao*; poudre de lait entier*; pâte de cacao*); noix de cajou*; grillées 35 %; praliné 24 % (sucre de canne brut*; noisettes* 38 %; pâte de cacao*; beurre de cacao*); sucre de canne brut* Allergenen: Melk; Noten"
2.0,2.0,1.0,1.0,1.0,0.0,4104420007963.0,"dasistdrin","Zutaten / Inhaltsstoffe: Vollmilchschokolade* 39% (Rohrohrzucker*; Kakaobutter*; Vollmilchpulver*; Kakaomasse*); Nougat* 26% (Rohrohrzucker*; Haselnüsse* 22%; Kakaomasse*; Kakobutter*) geröstete Cashewkerne* 19%; geröstete Macadamianüsse* 13%; Rohrohrzucker*. *aus ökologischer Landwirtschaft. Kann Spuren von erdnüssen und Gluten enthalten."
2.0,2.0,1.0,1.0,0.0,0.0,4104420007963.0,"open_food_facts","Frans: Chocolat au lait* 38 % (sucre de canne brut*; beurre de cacao*; poudre de lait entier*; pâte de cacao*); noix de cajou*; grillées 35 %; praliné 24 % (sucre de canne brut*; noisettes* 38 %; pâte de cacao*; beurre de cacao*); sucre de canne brut* Allergenen: Melk; Noten"
2.0,1.0,2.0,1.0,0.0,2.0,4104420007987.0,"alnatura","Duits: Rohrohrzucker; Zartbitterschokolade 20% (Kakaomasse; Rohrohrzucker; Kakaobutter);Hühnereiweiß; Weizenvollkornmehl; Marzipan (Mandeln 65%; Rohrohrzucker; Wasser; Invertzuckersirup); Roggenvollkornmehl; Vollei; Honig; Mandeln 5%; Orangenschalen kandiert (Glukose-Fruktose-Sirup; Orangenschalen; Zitronensaft); Backoblaten (Weizenmehl; Kartoffelstärke); Zuckerrübensirup; Agavendicksaft; Haselnüsse; Apfelfaser; Süßlupinenmehl; Lebkuchengewürze; Verdickungsmittel: Guarkernmehl; Meersalz Allergenen: Eieren; Gluten; Lupine; Noten Sporen: Melk; Noten; Soja"
2.0,1.0,2.0,1.0,0.0,2.0,4104420007987.0,"open_food_facts","Duits: Rohrohrzucker; Zartbitterschokolade 20% (Kakaomasse; Rohrohrzucker; Kakaobutter);Hühnereiweiß; Weizenvollkornmehl; Marzipan (Mandeln 65%; Rohrohrzucker; Wasser; Invertzuckersirup); Roggenvollkornmehl; Vollei; Honig; Mandeln 5%; Orangenschalen kandiert (Glukose-Fruktose-Sirup; Orangenschalen; Zitronensaft); Backoblaten (Weizenmehl; Kartoffelstärke); Zuckerrübensirup; Agavendicksaft; Haselnüsse; Apfelfaser; Süßlupinenmehl; Lebkuchengewürze; Verdickungsmittel: Guarkernmehl; Meersalz Allergenen: Eieren; Gluten; Lupine; Noten Sporen: Melk; Noten; Soja"
1.0,1.0,2.0,1.0,0.0,0.0,4104420056121.0,"alnatura","Duits: Roggenvollkornschrot 55 %; Wasser; Leinsamen 6%; Meersalz; Hefe Allergenen: Gluten Sporen: Melk; Noten; Sesamzaad; Soja"
1.0,1.0,2.0,1.0,0.0,0.0,4104420056121.0,"dasistdrin","Zutaten / Inhaltsstoffe: Roggenvollkornschrot* (55%); Wasser; Leinsamen* (6%); Meersalz; Hefe*. Kann Spuren von Nüssen; Milch; Soja und Sesam enthalten. * aus ökologischer Landwirtschaft ** aus biologisch-dynamischer Landwirtschaft"
1.0,1.0,2.0,1.0,0.0,0.0,4104420056121.0,"open_food_facts","Duits: Roggenvollkornschrot 55 %; Wasser; Leinsamen 6%; Meersalz; Hefe Allergenen: Gluten Sporen: Melk; Noten; Sesamzaad; Soja"
0.0,0.0,0.0,0.0,0.0,0.0,4104420028487.0,"alnatura","Duits: Thymian Sporen: Selderij; Mosterd"
0.0,0.0,0.0,0.0,0.0,0.0,4104420028487.0,"dasistdrin","Zutaten / Inhaltsstoffe: Thymian*. * aus kontrolliert biologischer Landwirtschaft ** aus biologisch-dynamischer Landwirtschaft"
0.0,0.0,0.0,0.0,0.0,0.0,4104420028487.0,"open_food_facts","Duits: Thymian Sporen: Selderij; Mosterd"
0.0,0.0,0.0,0.0,0.0,0.0,4104420021327.0,"alnatura","Duits: Rohrohrzucker"
0.0,0.0,0.0,0.0,0.0,0.0,4104420021327.0,"dasistdrin","Zutaten / Inhaltsstoffe: Vollrohrzucker*. * aus ökologischer Landwirtschaft ** aus biologisch-dynamischer Landwirtschaft"
0.0,0.0,0.0,0.0,0.0,0.0,4104420021327.0,"open_food_facts","Duits: Rohrohrzucker"
1.0,2.0,2.0,1.0,0.0,2.0,4104420183223.0,"alnatura","Duits: Mascarponecreme 74% (Sahne; Mascarpone 22% (Sahne; Säureregulator: Milchsäure); Vollmilch; Rohrohrzucker; Eier; Magermilchpulver; Maltodextrin; Tapiokastärke; Ethylalkohol; Verdickungsmittel: Agar-Agar); Kaffeezubereitung 16% (Wasser; Rohrohrzucker; Kaffeeextrakt 7%; Ethylalkohol); Biskuit 9% (Eier; Weizenmehl; Rohrohrzucker; Backtriebmittel: Natriumcarbonat; Ammoniumcarbonat); Kakaopulver schwach entält 1%. Allergenen: Eieren; Gluten; Melk Sporen: Noten; Soja"
1.0,2.0,2.0,1.0,0.0,2.0,4104420183223.0,"open_food_facts","Duits: Mascarponecreme 74% (Sahne; Mascarpone 22% (Sahne; Säureregulator: Milchsäure); Vollmilch; Rohrohrzucker; Eier; Magermilchpulver; Maltodextrin; Tapiokastärke; Ethylalkohol; Verdickungsmittel: Agar-Agar); Kaffeezubereitung 16% (Wasser; Rohrohrzucker; Kaffeeextrakt 7%; Ethylalkohol); Biskuit 9% (Eier; Weizenmehl; Rohrohrzucker; Backtriebmittel: Natriumcarbonat; Ammoniumcarbonat); Kakaopulver schwach entält 1%. Allergenen: Eieren; Gluten; Melk Sporen: Noten; Soja"
1.0,1.0,2.0,2.0,0.0,1.0,4104420053083.0,"alnatura","Duits: Dinkelmehl*¹ Type 630 (51%); Palmöl*; Rübenzucker*; Zartbitter-Schokoladentropfen* 13% (Kakaomasse*; Rohrohrzucker*; Kakaobutter*; Emulgator: Sojalecithin*); Orangenöl*; Meersalz; Bourbonvanilleschote* gemahlen; Koriander*; Ceylon-Zimt* *aus biologischer Landwirtschaft ¹Dinkel ist eine Urweizenart Allergenen: Soja Sporen: Eieren; Melk; Noten; Sesamzaad; de:paranuss"
1.0,1.0,2.0,1.0,0.0,2.0,4104420053083.0,"dasistdrin","Zutaten / Inhaltsstoffe: Dinkelmehl* Type 630 (47%); Rohrohrzucker*; Palmfett* ungehärtet; Zartbitter-Schokoladentropfen* 12% (Kakaomasse*; Rohrohrzucker*; Kakaobutter*; Emulgator: Soja-Lecithin*); Honig*; Orangenöl*; Meersalz; Bourbonvanilleschote* gemahlen; Koriander*; Cylon-Zimt* Kann Spuren von Ei; Milch; Mandeln; Haselnuss; Paranuss und Sesam enthalten. * aus biologischer Landwirtschaft"
1.0,1.0,2.0,2.0,0.0,1.0,4104420053083.0,"open_food_facts","Duits: Dinkelmehl*¹ Type 630 (51%); Palmöl*; Rübenzucker*; Zartbitter-Schokoladentropfen* 13% (Kakaomasse*; Rohrohrzucker*; Kakaobutter*; Emulgator: Sojalecithin*); Orangenöl*; Meersalz; Bourbonvanilleschote* gemahlen; Koriander*; Ceylon-Zimt* *aus biologischer Landwirtschaft ¹Dinkel ist eine Urweizenart Allergenen: Soja Sporen: Eieren; Melk; Noten; Sesamzaad; de:paranuss"
1.0,2.0,1.0,1.0,1.0,0.0,4104420179080.0,"alnatura","Duits: Vollmilchschokolade 34% (Rohrohrzucker; Kakaobutter; Vollmilchpulver; Kakaomasse); weiße Schokolade 34% (Rohrohrzucker; Kakaobutter; Vollmilchpulver); Dinkelvollkornmehl 15 %; Maismehl; Gerstenmalzmehl; Rohrohrzucker; Meersalz; Kakaopulver stark entölt; Überzugsmittel: Gummi arabicum Allergenen: Gluten; Melk Sporen: Noten; Soja"
1.0,2.0,1.0,1.0,1.0,0.0,4104420179080.0,"open_food_facts","Duits: Vollmilchschokolade 34% (Rohrohrzucker; Kakaobutter; Vollmilchpulver; Kakaomasse); weiße Schokolade 34% (Rohrohrzucker; Kakaobutter; Vollmilchpulver); Dinkelvollkornmehl 15 %; Maismehl; Gerstenmalzmehl; Rohrohrzucker; Meersalz; Kakaopulver stark entölt; Überzugsmittel: Gummi arabicum Allergenen: Gluten; Melk Sporen: Noten; Soja"
1.0,0.0,0.0,0.0,0.0,0.0,4104420029569.0,"alnatura","Engels: langkornreis Sporen: Noten; Sesamzaad"
1.0,0.0,1.0,1.0,0.0,0.0,4104420029569.0,"dasistdrin","Zutaten / Inhaltsstoffe: Langkornreis*. Kann Spuren von Gluten; Nüssen; Mandeln; Soja und Sesam enthalten. * aus ökologischer Landwirtschaft ** aus biologisch-dynamischer Landwirtschaft"
1.0,0.0,0.0,0.0,0.0,0.0,4104420029569.0,"open_food_facts","Engels: langkornreis Sporen: Noten; Sesamzaad"
0.0,0.0,0.0,0.0,0.0,0.0,4104420029569.0,"piccantino","100% langkorrelige rijst"
0.0,0.0,0.0,0.0,0.0,0.0,4104420031647.0,"alnatura","Duits: Meersalz unraffiniert"
0.0,0.0,0.0,0.0,0.0,0.0,4104420031647.0,"dasistdrin","Zutaten / Inhaltsstoffe: Meersalz."
0.0,0.0,0.0,0.0,0.0,0.0,4104420031647.0,"open_food_facts","Duits: Meersalz unraffiniert"
0.0,0.0,0.0,0.0,0.0,0.0,4104420031647.0,"piccantino","zeezout"
0.0,0.0,0.0,0.0,0.0,0.0,4104420209756.0,"alnatura","Duits: Rahmjoghurt** mild mit Magermilchkonzentrat. Rübenzucker**; Schokoladenstückchen* 2;5% (Kakaobutte* Kakaomasse*; Rohrohrzucker*); Maisstärke*; Verdickungsmite Johannisbrotkernmehl*; Bourbonvanilleschotenextrakt; Zitronensaftkonzentrat* aus biologischer Landwirtschaft *aus Demeter-Landbau Dieses Produkt enthält 88 % Demeter-Anteil."
0.0,0.0,0.0,0.0,0.0,0.0,4104420209756.0,"open_food_facts","Duits: Rahmjoghurt** mild mit Magermilchkonzentrat. Rübenzucker**; Schokoladenstückchen* 2;5% (Kakaobutte* Kakaomasse*; Rohrohrzucker*); Maisstärke*; Verdickungsmite Johannisbrotkernmehl*; Bourbonvanilleschotenextrakt; Zitronensaftkonzentrat* aus biologischer Landwirtschaft *aus Demeter-Landbau Dieses Produkt enthält 88 % Demeter-Anteil."
2.0,1.0,2.0,2.0,0.0,0.0,4104420055209.0,"alnatura","Duits: Dinkelvollkornmehl 43%; Rohrohrzucker; Palmfett ungehärtet; Zartbitter-Schokoladentropfen 9% (Kakaomasse; Rohrohrzucker; Kakaobutter; Emulgator: Sojalecithin); Haselnüsse 6%; Kakao stark entölt 4%; Meersalz; Reinweinsteinbackpulver (Säuerungsmittel: Monokaliumtartrat (Reinweinstein); Maisstärke; Backtriebmittel: Natriumhydrogencarbonat (Natron)); Bourbonvanilleschote gemahlen; Ceylon-Zimt; Koriander Allergenen: Gluten; Noten; Soja"
2.0,1.0,2.0,2.0,0.0,1.0,4104420055209.0,"dasistdrin","Zutaten / Inhaltsstoffe: Dinkelvollkornmehl* 43%; Rohrohrzucker*; Palmfett* ungehärtet; Zartbitter-Schokoladentropfen* 9% (Kakaomasse*; Kakaobutter*; Rohrohrzucker*; Emulgator: Sojalecithin*); Haselnüsse* 6%; Kakao* stark entölt 4%; Meersalz; Reinweinsteinbackpulver (Säuerungsmittel: Monokaliumtartrat (Reinweinstein); Maisstärke*; Backtriebmittel: Natriumhydrogencarbonat (Natron); Bourbon-Vanilleschote* gemahlen; Ceylon-Zimt*; Koriander*. Kann Spuren von Ei; Milch; Mandeln; Paranuss und Sesam enthalten. *aus biologischer Landwirtschaft."
2.0,1.0,2.0,2.0,0.0,0.0,4104420055209.0,"open_food_facts","Duits: Dinkelvollkornmehl 43%; Rohrohrzucker; Palmfett ungehärtet; Zartbitter-Schokoladentropfen 9% (Kakaomasse; Rohrohrzucker; Kakaobutter; Emulgator: Sojalecithin); Haselnüsse 6%; Kakao stark entölt 4%; Meersalz; Reinweinsteinbackpulver (Säuerungsmittel: Monokaliumtartrat (Reinweinstein); Maisstärke; Backtriebmittel: Natriumhydrogencarbonat (Natron)); Bourbonvanilleschote gemahlen; Ceylon-Zimt; Koriander Allergenen: Gluten; Noten; Soja"
2.0,1.0,2.0,2.0,0.0,1.0,4104420055209.0,"piccantino","43% volkoren speltmeel|bietensuiker|palmolie|9% chocolade druppels|cacaomassa|ruwe rietsuiker|cacaoboter|lecithine|6% hazelnoten|3% cacaopoeder zwaar ontolied|zeezout|natriumcarbonaat (E500)|gemalen bourbon vanillestokjes|Ceylon kaneel|koriander"
0.0,0.0,2.0,0.0,0.0,0.0,4104420056244.0,"alnatura","Duits: Roggenvollkornmehl 84%; Sesam 10%; Meersalz Allergenen: Gluten; Sesamzaad"
0.0,0.0,2.0,0.0,0.0,0.0,4104420056244.0,"dasistdrin","Zutaten / Inhaltsstoffe: Roggenvollkornmehl* (84%); Sesam* (10%); Meersalz. * aus ökologischer Landwirtschaft ** aus biologisch-dynamischer Landwirtschaft"
0.0,0.0,2.0,0.0,0.0,0.0,4104420056244.0,"open_food_facts","Duits: Roggenvollkornmehl 84%; Sesam 10%; Meersalz Allergenen: Gluten; Sesamzaad"
0.0,2.0,0.0,0.0,0.0,0.0,4104420073548.0,"alnatura","Duits: Frischmilch; fettarme; Milch . Allergenen: Melk"
0.0,2.0,0.0,0.0,0.0,0.0,4104420073548.0,"dasistdrin","Zutaten / Inhaltsstoffe: Frische fettarme Milch*. * aus ökologischer Landwirtschaft ** aus biologisch-dynamischer Landwirtschaft"
0.0,2.0,0.0,0.0,0.0,0.0,4104420073548.0,"open_food_facts","Duits: Frischmilch; fettarme; Milch . Allergenen: Melk"
0.0,0.0,2.0,1.0,0.0,1.0,4104420006065.0,"alnatura","Duits: Hartweizengrieß; Tomatenpulver 1%; Spinatpulver 1%. Allergenen: Gluten Sporen: Eieren; Soja"
0.0,0.0,2.0,1.0,0.0,1.0,4104420006065.0,"open_food_facts","Duits: Hartweizengrieß; Tomatenpulver 1%; Spinatpulver 1%. Allergenen: Gluten Sporen: Eieren; Soja"
1.0,0.0,0.0,0.0,1.0,0.0,4104420015289.0,"alnatura","Duits: Kokosraspel 100% Sporen: Noten; Pinda"
2.0,0.0,0.0,0.0,1.0,0.0,4104420015289.0,"dasistdrin","Zutaten / Inhaltsstoffe: Kokosraspeln*. Kann Spuren von erdnüssen; Mandeln und anderen Nüssen enthalten. * aus ökologischer Landwirtschaft ** aus biologisch-dynamischer Landwirtschaft"
1.0,0.0,0.0,0.0,1.0,0.0,4104420015289.0,"open_food_facts","Duits: Kokosraspel 100% Sporen: Noten; Pinda"
2.0,0.0,0.0,0.0,1.0,0.0,4104420025547.0,"dasistdrin","Zutaten / Inhaltsstoffe: Mandeln (blanchierte Mandeln)*. Kann Spuren von erdnüssen und anderen Nüssen enthalten. * aus ökologischer Landwirtschaft ** aus biologisch-dynamischer Landwirtschaft"
0.0,0.0,0.0,0.0,0.0,0.0,4104420031708.0,"alnatura","Duits: Meersalz; jodiert 85% (Meersalz unraffiniert; Kaliumjodat); Lauch; Sellerieblätter; Petersilie; Liebstöckel; Majoran; Basilikum; Fenchelknollen; Zwiebeln; Pastinaken; Karotten; Schnittlauch; Sellerieknollen; Chili. Allergenen: Selderij; de:sellerieknollen Sporen: Mosterd"
0.0,0.0,0.0,0.0,0.0,0.0,4104420031708.0,"dasistdrin","Zutaten / Inhaltsstoffe: Jodiertes Meersalz (Meersalz; Kaliumjodat) (85%); Lauch*; Sellerieblatt*; Petersilie*; Liebstöckel*; Majoran*; Basilikum*; Fenchelknolle*; Zwiebeln*; Pastinake*; Karotte*; Schnittlauch*; Sellerieknolle*; Chili*. Kann Spuren von Senf enthalten. *aus kontrolliertem ökologischem Anbau"
0.0,0.0,0.0,0.0,0.0,0.0,4104420031708.0,"open_food_facts","Duits: Meersalz; jodiert 85% (Meersalz unraffiniert; Kaliumjodat); Lauch; Sellerieblätter; Petersilie; Liebstöckel; Majoran; Basilikum; Fenchelknollen; Zwiebeln; Pastinaken; Karotten; Schnittlauch; Sellerieknollen; Chili. Allergenen: Selderij; de:sellerieknollen Sporen: Mosterd"
0.0,1.0,2.0,1.0,0.0,1.0,4104420020443.0,"alnatura","Duits: Hafervollkornflocken* 24%; Dinkelvollkorn - grieß* 23%; Dinkelvollkornflocken* 16%; Cornflakes* (Maismehl*; Rohrohrzucker*; Meersalz); Zwiebeln* 5;7 %; Lauch* 4;4%; Karotten* 4;3 %; Sonnenblumenöl*; Meersalz; Tomatenpulver*; Zucchini*; Knoblauch*; Gewürze* (Pfeffer*; Macis*; Kur - kuma*); Kräuter* (Liebstöckelblätter*; Oregano*) *aus biologischer Landwirtschaft Allergenen: Gluten Sporen: Selderij; Eieren; Melk; Mosterd; Soja"
0.0,1.0,2.0,1.0,0.0,0.0,4104420020443.0,"dasistdrin","Zutaten / Inhaltsstoffe: 23;5% Vollkornhaferflocken*; 22% Vollkorndinkelgrieß*; 15;5% Vollkorndinkelflocken*; Cornflakes* (Mais*; Rohrohrzucker*; Meersalz; Maismalz*); 5;7% Zwiebeln*; 4;4% Lauch*; 4;3% Karotten*; Sonnenblumenöl*; Meersalz; 1;6% Tomaten*; 1;2% Zucchini*; Champignons*; Gewürze* (Knoblauch*; Pfeffer*; Macis*; Curcuma*); Kräuter* (Liebstöckelblätter*; Oregano*). Kann Spuren von Milch; Eiern; Soja; Senf und Sellerie enthalten. * aus ökologischer Landwirtschaft ** aus biologisch-dynamischer Landwirtschaft"
0.0,1.0,2.0,1.0,0.0,1.0,4104420020443.0,"migipedia","HAFERVOLLKORNFLOCKEN* 24 %; DINKELVOLLKORNGRIEß*¹ 23 %; DINKELVOLLKORNFLOCKEN*¹ 16 %; cornflakes* (Maismehl*; Rohrohrzucker*; Meersalz); Zwiebeln* 5;7 %; Lauch* 4;4 %; Karotten* 4;3 %; Sonnenblumenöl*; Meersalz; Tomatenpulver*; Zucchini*; Knoblauch*; Gewürze* (Pfeffer*; Macis*; Kurkuma*); Kräuter* (Liebstöckelblätter*; Oregano*) *aus biologischer Landwirtschaft ¹DINKEL IST EINE WEIZENART. Kann Spuren von Ei; Soja; Milch; Sellerie und Senf enthalten."
0.0,1.0,2.0,1.0,0.0,1.0,4104420020443.0,"open_food_facts","Duits: Hafervollkornflocken* 24%; Dinkelvollkorn - grieß* 23%; Dinkelvollkornflocken* 16%; Cornflakes* (Maismehl*; Rohrohrzucker*; Meersalz); Zwiebeln* 5;7 %; Lauch* 4;4%; Karotten* 4;3 %; Sonnenblumenöl*; Meersalz; Tomatenpulver*; Zucchini*; Knoblauch*; Gewürze* (Pfeffer*; Macis*; Kur - kuma*); Kräuter* (Liebstöckelblätter*; Oregano*) *aus biologischer Landwirtschaft Allergenen: Gluten Sporen: Selderij; Eieren; Melk; Mosterd; Soja"
0.0,1.0,2.0,1.0,0.0,0.0,4104420020443.0,"piccantino","24% volkoren havervlokken|23% Volkoren speltgriesmeel|16% volkoren speltvlokken|cornflakes|maïsmeel|ruwe rietsuiker|zeezout|5;7% uien|4;4% prei|4;3% wortel|zonnebloemolie|zeezout|tomatenpoeder|courgettes|knoflook|kruiden|peper|foelie|kurkuma|kruiden|lavas|"
0.0,0.0,0.0,1.0,0.0,0.0,4104420206618.0,"alnatura","Frans: Mais 94%; Amaranth 4%; Fenchelsamen; Meersalz Sporen: Soja"
0.0,0.0,0.0,1.0,0.0,0.0,4104420206618.0,"open_food_facts","Frans: Mais 94%; Amaranth 4%; Fenchelsamen; Meersalz Sporen: Soja"
1.0,1.0,1.0,1.0,0.0,0.0,4104420144149.0,"alnatura","Duits: Zartbitterschokolade 52% (Kakaomasse; Rohrohrzucker; Kakaobutter; Kakaopulver stark entölt); Amaranth; gepufft 26%; Honig 22% Sporen: Gluten; Melk; Noten; Sesamzaad; Soja"
1.0,1.0,1.0,1.0,0.0,0.0,4104420144149.0,"migipedia","Zartbitterschokolade* 52 % (Kakaomasse*; Rohrohrzucker*; Kakaobutter*; stark entöltes Kakaopulver*); Amaranth* gepufft 26 %; Honig* 22 % *aus biologischer Landwirtschaft. Kann Spuren von Gluten; Soja; Milch; Mandel; Haselnuss; Walnuss; Cashewnuss; Paranuss und Sesam enthalten."
1.0,1.0,1.0,1.0,0.0,0.0,4104420144149.0,"open_food_facts","Duits: Zartbitterschokolade 52% (Kakaomasse; Rohrohrzucker; Kakaobutter; Kakaopulver stark entölt); Amaranth; gepufft 26%; Honig 22% Sporen: Gluten; Melk; Noten; Sesamzaad; Soja"
1.0,1.0,2.0,1.0,0.0,0.0,4104420181007.0,"alnatura","Duits: Hafervollkornflocken; Dattelsaftkonzentrat 14%; Einkornvollkornflocken; Dinkelvollkornflocken; Emmervollkornflocken; Kokoschips 7%; Kakaonibs geröstet 5%; Kokosraspel 3;5%; Amaranth gepufft; Kakaopulver* stark entölt 2;8%; Kokosfett 1;7% aus biologischer Landwirtschaft. Kann Spuren von Soja; Milch; Mandel; Nüssen und Sesam enthalten. Allergenen: Gluten Sporen: Melk; Noten; Sesamzaad; Soja"
1.0,1.0,2.0,1.0,0.0,0.0,4104420181007.0,"open_food_facts","Duits: Hafervollkornflocken; Dattelsaftkonzentrat 14%; Einkornvollkornflocken; Dinkelvollkornflocken; Emmervollkornflocken; Kokoschips 7%; Kakaonibs geröstet 5%; Kokosraspel 3;5%; Amaranth gepufft; Kakaopulver* stark entölt 2;8%; Kokosfett 1;7% aus biologischer Landwirtschaft. Kann Spuren von Soja; Milch; Mandel; Nüssen und Sesam enthalten. Allergenen: Gluten Sporen: Melk; Noten; Sesamzaad; Soja"
0.0,1.0,0.0,1.0,0.0,0.0,4104420188174.0,"alnatura","Duits: Reis; Rote-Bete-Pulver; Apfelsaftkonzentrat Sporen: Melk; Soja"
0.0,1.0,0.0,1.0,0.0,0.0,4104420188174.0,"migipedia","Reis* 85 %; Rote-Bete-Pulver* 10;5 %; Apfelsaftkonzentrat* 4;5 % *aus biologischer Landwirtschaft. Kann Spuren von Soja und Milch enthalten."
0.0,1.0,0.0,1.0,0.0,0.0,4104420188174.0,"open_food_facts","Duits: Reis; Rote-Bete-Pulver; Apfelsaftkonzentrat Sporen: Melk; Soja"
0.0,0.0,0.0,0.0,0.0,0.0,4104420188174.0,"piccantino","85% rijst|10;5% bietenpoeder|4;5% appelsap concentraat"
0.0,0.0,2.0,0.0,0.0,0.0,4104420056343.0,"alnatura","Duits: Dinkelmehl Type 630 (83%); Dinkelvolkorm schrot9%; Sonnenblumenol; Hefe Meersalz; Koriander"
0.0,0.0,2.0,0.0,0.0,0.0,4104420056343.0,"dasistdrin","Zutaten / Inhaltsstoffe: Dinkelmehl Type 630* (83%); Dinkelvollkornschrot* (9%); ungehärtetes Palmfett*; Hefe*; Meersalz; Koriander*. * aus biologischer Landwirtschaft Kann Spuren von Sesam enthalten."
0.0,0.0,2.0,0.0,0.0,0.0,4104420056343.0,"migipedia","DINKELMEHL*¹ Type 630 (83%); DINKELVOLLKORNSCHROT*¹ 9 %; Sonnenblumenöl**; Hefe**; Meersalz; Koriander** *aus Demeter-Landbau **aus biologischer Landwirtschaft ¹DINKEL IST EINE URWEIZENART. Kann Spuren von Sesam enthalten."
0.0,0.0,2.0,0.0,0.0,0.0,4104420056343.0,"open_food_facts","Duits: Dinkelmehl Type 630 (83%); Dinkelvolkorm schrot9%; Sonnenblumenol; Hefe Meersalz; Koriander"
0.0,1.0,2.0,0.0,0.0,1.0,4104420056343.0,"piccantino","83% Speltbloem type 630|9% Volkoren speltmeel|zonnebloemolie|gist|zeezout|koriander"
0.0,0.0,0.0,0.0,0.0,0.0,4104420020504.0,"alnatura","Duits: Wasser; Erbsen 26%; Kartoffeln 10%; Karotten 8%; Zwiebeln; Meersalz; Sellerie; Maisstärke; Sonnenblumenöl; Rohrohrzucker; Spinatpulver; Petersilie; Bohnenkraut; Pfeffer. Allergenen: Selderij"
0.0,0.0,0.0,0.0,0.0,0.0,4104420020504.0,"dasistdrin","Zutaten / Inhaltsstoffe: Wasser; Erbsen* 26%; Kartoffeln* 10%; Karotten* 7%; Zwiebeln*; Meersalz; Sellerie*; Maisstärke*; Sonnenblumenöl*; Rohrohrzucker*; Spinatpulver*; Petersilie*; Bohnenkraut*; Pfeffer*. * aus ökologischer Landwirtschaft ** aus biologisch-dynamischer Landwirtschaft"
0.0,0.0,0.0,0.0,0.0,0.0,4104420020504.0,"open_food_facts","Duits: Wasser; Erbsen 26%; Kartoffeln 10%; Karotten 8%; Zwiebeln; Meersalz; Sellerie; Maisstärke; Sonnenblumenöl; Rohrohrzucker; Spinatpulver; Petersilie; Bohnenkraut; Pfeffer. Allergenen: Selderij"
0.0,0.0,0.0,0.0,0.0,0.0,4104420020504.0,"piccantino","water|26% erwten|10% aardappelen|8% wortel|uien|zeezout|selderij|maïszetmeel|zonnebloemolie|ruwe rietsuiker|spinazie poeder|peterselie||peper"
0.0,0.0,0.0,0.0,0.0,0.0,4104420179417.0,"alnatura","Frans: Cynorrhodon 60%; Hibiscus 40%."
0.0,0.0,0.0,0.0,0.0,0.0,4104420179417.0,"open_food_facts","Frans: Cynorrhodon 60%; Hibiscus 40%."
0.0,0.0,0.0,0.0,0.0,0.0,4104420028708.0,"alnatura","Duits: Butter geklärt"
0.0,1.0,0.0,0.0,0.0,0.0,4104420028708.0,"dasistdrin","Zutaten / Inhaltsstoffe: Geklärte Butter*. Kann Spuren von Milch enthalten. * aus ökologischer Landwirtschaft ** aus biologisch-dynamischer Landwirtschaft"
0.0,0.0,0.0,0.0,0.0,0.0,4104420028708.0,"open_food_facts","Duits: Butter geklärt"
0.0,0.0,0.0,0.0,0.0,0.0,4104420028708.0,"piccantino","boter"
0.0,0.0,0.0,0.0,0.0,0.0,4104420173279.0,"alnatura","Duits: Wasser; Sonnenblumenöl; Senf 13% (Wasser; Senfsaat; Branntweinessig; Meersalz; Gewürze); Kartoffelstärke; Hefe getrocknet; Rucola 5%; Sonnenblumenkerne gemahlen; teilentfettet; Apfelsaftkonzentrat; Meersalz; Senfsaat 1%; Zwiebelpulver; Verdickungsmittel: Guarkernmehl; Dill; Knoblauchpulver; Kurkuma Allergenen: Mosterd"
0.0,0.0,0.0,0.0,0.0,0.0,4104420173279.0,"open_food_facts","Duits: Wasser; Sonnenblumenöl; Senf 13% (Wasser; Senfsaat; Branntweinessig; Meersalz; Gewürze); Kartoffelstärke; Hefe getrocknet; Rucola 5%; Sonnenblumenkerne gemahlen; teilentfettet; Apfelsaftkonzentrat; Meersalz; Senfsaat 1%; Zwiebelpulver; Verdickungsmittel: Guarkernmehl; Dill; Knoblauchpulver; Kurkuma Allergenen: Mosterd"
0.0,0.0,0.0,0.0,0.0,0.0,4104420173279.0,"piccantino","water|zonnebloemolie|13% mosterd|water|mosterdzaden|brandewijn azijn|zeezout|kruiden|aardappelzetmeel|8% droge gist|5% rucola salade|zonnebloempitten (gemalen; gedeeltelijk ontvet)|appelsap|zeezout|1% mosterdzaden|uien poeder|guargom (E412)|dille|knoflook poeder|kurkuma"
2.0,0.0,0.0,0.0,0.0,0.0,4104420182479.0,"alnatura","Duits: Kokosraspel* 38%; Palmfett*; Reisdrinkpulver*; Mandeln* 15%; Rohrohrzucker*; Bourbonvanilleschote* gemahlen; Meersalz Allergenen: Noten Sporen: Noten"
2.0,0.0,0.0,0.0,0.0,0.0,4104420182479.0,"open_food_facts","Duits: Kokosraspel* 38%; Palmfett*; Reisdrinkpulver*; Mandeln* 15%; Rohrohrzucker*; Bourbonvanilleschote* gemahlen; Meersalz Allergenen: Noten Sporen: Noten"
2.0,1.0,0.0,0.0,1.0,0.0,4104420182479.0,"piccantino","38% kokosnootschilfers|palmolie|rijstdrank poeder|15% amandelen|ruwe rietsuiker|gemalen bourbon vanillestokjes|zeezout"
0.0,2.0,0.0,0.0,0.0,0.0,4104420220355.0,"alnatura","Duits: Milch pas - AT-BI0-902 teurisiert; Speisesalz; tierisches Lab; Rotkultur; Schimmelkulturen *aus biologischer Landwirtschaft Hergestellt in: Osterreich Durchschnittliche Náhr - werte pro 100g Energie 1510kJ (365 kcal) Fett"
0.0,2.0,0.0,0.0,0.0,0.0,4104420220355.0,"open_food_facts","Duits: Milch pas - AT-BI0-902 teurisiert; Speisesalz; tierisches Lab; Rotkultur; Schimmelkulturen *aus biologischer Landwirtschaft Hergestellt in: Osterreich Durchschnittliche Náhr - werte pro 100g Energie 1510kJ (365 kcal) Fett"
1.0,1.0,0.0,0.0,0.0,1.0,4104420055360.0,"alnatura","Frans: itura GmbH Mahatma Gandhi-Str. 7 DE 64295 Darmstadt alnatura.de Hergestellt in: Schweiz/ Fabriqué en: Suisse FR BIO A PP/PET CH-BIO 6 EU-/Nicht-CU - Landwirtschaft Agriculture UE/non UE e 100g 4 104420 055360 115 31.03.2024 L460835 12:45 Thig Sporen: Eieren; Melk; Noten; Sesamzaad"
1.0,1.0,2.0,0.0,0.0,1.0,4104420055360.0,"dasistdrin","Zutaten / Inhaltsstoffe: Weizenmehl Type 812*; ungehärtetes Palmfett*; Salz; Invertzuckersirup*; Gerstenmalzextrakt*; Hefe*; Rohrohrzucker*; getrockneter Sauerteig* (Roggenmehl*; Weizenkleber*; Acerola-Fruchtpulver* (auf Maniokstärke*)); Backtriebmittel: Natriumhydrogencarbonat; Natriumhydroxid (Brezellauge); Zitronensaftkonzentrat*. Kann Spuren von Nüssen; Mandeln; Milch; Ei und Sesam enthalten. * aus ökologischer Landwirtschaft ** aus biologisch-dynamischer Landwirtschaft"
1.0,1.0,2.0,0.0,0.0,1.0,4104420055360.0,"migipedia","WEIZENMEHL*; Palmöl*; Rübenzucker*; Meersalz; Hefe*; GERSTENMALZEXTRAKT*; Backtriebmittel: Natriumhydrogencarbonat; Säureregulator: Natriumhydroxid *aus biologischer Landwirtschaft. Kann Spuren von Ei; Milch; Mandel; Haselnuss und Sesam enthalten."
1.0,1.0,0.0,0.0,0.0,1.0,4104420055360.0,"open_food_facts","Frans: itura GmbH Mahatma Gandhi-Str. 7 DE 64295 Darmstadt alnatura.de Hergestellt in: Schweiz/ Fabriqué en: Suisse FR BIO A PP/PET CH-BIO 6 EU-/Nicht-CU - Landwirtschaft Agriculture UE/non UE e 100g 4 104420 055360 115 31.03.2024 L460835 12:45 Thig Sporen: Eieren; Melk; Noten; Sesamzaad"
1.0,1.0,0.0,1.0,2.0,0.0,4104420184497.0,"alnatura","Duits: Bio Quinoaflocken Sporen: Lupine; Melk; Noten; Sesamzaad; Soja"
1.0,1.0,0.0,1.0,2.0,0.0,4104420184497.0,"open_food_facts","Duits: Bio Quinoaflocken Sporen: Lupine; Melk; Noten; Sesamzaad; Soja"
1.0,0.0,0.0,1.0,0.0,0.0,4104420184497.0,"piccantino","Quinoa"
2.0,0.0,2.0,2.0,0.0,0.0,42239499.0,"alnatura","Frans: Seitan 46 % (eau; protéines de blé); tofu fumé 24 % (féves de soja; eau; sauce soja (eau; féves de soa; sel marin; blé); fumée de bois de hêtre); huile de tournesol; poivron 6 %; sel marin; concentré de tomates; farine d'amandes; flocons de poivron 2 %; épices; sucre de canne brut; ail; agent épaississant; gomme de caroube; paprika Allergenen: Gluten; Noten"
0.0,0.0,2.0,2.0,0.0,0.0,42239499.0,"dasistdrin","Zutaten / Inhaltsstoffe: Seitan* 46 % (Wasser; Weizeneiweiß*); Räuchertofu*; 24 % (Sojabohnen*; Wasser; Sojasauce* (Wasser; Sojabohnen*; Meersalz; Weizen*); Buchenholzrauch)); Sonnenblumenöl*; Paprika* (6 %); Meersalz; Tomatenmark*; Mandelmehl*; Paprikaflocken* (2 %); Gewürze*; Rohrohrzucker*; Knoblauch*; Verdickungsmittel: Johannisbrotkernmehl*; Paprika edelsüß* (0;5 %); Koriander*"
0.0,0.0,2.0,2.0,0.0,0.0,42239499.0,"migipedia","SEITAN* 46% (Wasser; WEIZENEIWEIß*); RÄUCHERTOFU* 24% (SOJABOHNEN*; Wasser; SOJASAUCE* (Wasser; SOJABOHNEN*; Meersalz; WEIZEN*); Buchenholzrauch); Sonnenblumenöl*; Paprika 6%; Meersalz; Tomatenmark*;Mandelmehl*; Paprikaflocken* 2%; Gewürze*; Rohrohrzucker*; Knoblauch*;Verdickungsmittel: Johannisbrotkernmehl*; Paprika edelsüß*; Koriander* *aus biologischer Landwirtschaft."
2.0,0.0,2.0,2.0,0.0,0.0,42239499.0,"open_food_facts","Frans: Seitan 46 % (eau; protéines de blé); tofu fumé 24 % (féves de soja; eau; sauce soja (eau; féves de soa; sel marin; blé); fumée de bois de hêtre); huile de tournesol; poivron 6 %; sel marin; concentré de tomates; farine d'amandes; flocons de poivron 2 %; épices; sucre de canne brut; ail; agent épaississant; gomme de caroube; paprika Allergenen: Gluten; Noten"
2.0,0.0,0.0,0.0,1.0,0.0,4104420026704.0,"dasistdrin","Zutaten / Inhaltsstoffe: Cashewkerne*. Kann Spuren von erdnüssen; anderen Nüssen und Mandeln enthalten. * aus ökologischer Landwirtschaft ** aus biologisch-dynamischer Landwirtschaft"
2.0,0.0,0.0,0.0,1.0,0.0,4104420026704.0,"piccantino","cashewnoten"
1.0,2.0,1.0,1.0,0.0,0.0,4104420054363.0,"alnatura","Frans: Chocolat au lait 54% (sucre de canne brut; beurre de cacao; lait entier en poudre; pâte de cacao; extrait de vanille Bourbon); galettes de riz 40% (riz complet; sésame; sel marin); noix de coco râpée 6%. Allergenen: Melk; Sesamzaad"
1.0,2.0,0.0,1.0,0.0,0.0,4104420054363.0,"dasistdrin","Zutaten / Inhaltsstoffe: Vollmilchschokolade* 54% (Rohrohrzucker*; Kakaobutter*; Vollmilchpulver*; Kakaomasse*; Bourbon-Vanille*); Reiswaffeln* 40% (Vollkornreis* 99%; Sesam*; Meersalz); Kokosflocken* 6%. Kann Spuren von Nüssen und Soja enthalten. * aus ökologischer Landwirtschaft ** aus biologisch-dynamischer Landwirtschaft"
1.0,2.0,0.0,1.0,0.0,0.0,4104420054363.0,"migipedia","Vollmilchschokolade* 54% (Rohrzucker*; Kakaobutter*; VOLLMILCHPULVER* 21%; Kakaomasse*; Vanilleextrakt*); Reiswaffeln* 40% (Vollkornreis* 99%; Meersalz); Kokosraspeln* 6% *aus biologischer Landwirtschaft. Kann Spuren von Soja; Nüssen und Sesam enthalten."
1.0,2.0,1.0,1.0,0.0,0.0,4104420054363.0,"open_food_facts","Frans: Chocolat au lait 54% (sucre de canne brut; beurre de cacao; lait entier en poudre; pâte de cacao; extrait de vanille Bourbon); galettes de riz 40% (riz complet; sésame; sel marin); noix de coco râpée 6%. Allergenen: Melk; Sesamzaad"
1.0,2.0,0.0,1.0,0.0,0.0,4104420054363.0,"piccantino","54% melkchocolade|rietsuiker|cacaoboter|21% melkpoeder|cacaomassa|vanille extract|40% Rijstwafels|99% volkoren rijst|zeezout|6% kokosnootschilfers"
0.0,0.0,2.0,0.0,0.0,0.0,42330660.0,"alnatura","Duits: Weizenmehl; Wasser; Vollkornweizenmehl; Hefe; Meersalz Allergenen: Gluten"
0.0,0.0,2.0,0.0,0.0,0.0,42330660.0,"open_food_facts","Duits: Weizenmehl; Wasser; Vollkornweizenmehl; Hefe; Meersalz Allergenen: Gluten"
0.0,2.0,0.0,0.0,0.0,0.0,4104420074903.0,"alnatura","Duits: Vollmilch* 83 %; Rübenzucker*; Stärke*; stark entöltes Kakaopulver* 1;5%; Verdickungsmittel: Johannisbrotkernmehl* Bourbonvanilleextrakt* *aus biologischer Landwirtschaft bland Allergenen: Melk"
0.0,2.0,0.0,0.0,0.0,0.0,4104420074903.0,"dasistdrin","Zutaten / Inhaltsstoffe: Vollmilch* mit 3;5% Fett (83%); Rohrohrzucker*; Reisstärke*; fettarmes Kakaopulver* (1;5%); Reismehl*; Verdickungsmittel: Johannisbrotkernmehl und Agar-Agar; Bourbonvanilleextrakt*. * aus ökologischer Landwirtschaft ** aus biologisch-dynamischer Landwirtschaft"
0.0,2.0,0.0,0.0,0.0,0.0,4104420074903.0,"open_food_facts","Duits: Vollmilch* 83 %; Rübenzucker*; Stärke*; stark entöltes Kakaopulver* 1;5%; Verdickungsmittel: Johannisbrotkernmehl* Bourbonvanilleextrakt* *aus biologischer Landwirtschaft bland Allergenen: Melk"
2.0,0.0,0.0,0.0,2.0,0.0,4104420025721.0,"dasistdrin","Zutaten / Inhaltsstoffe: Erdnüsse * geröstet. Kann Spuren von anderen Nüssen und Mandeln enthalten. * aus ökologischer Landwirtschaft ** aus biologisch-dynamischer Landwirtschaft"
0.0,1.0,0.0,1.0,0.0,0.0,4104420057487.0,"alnatura","Duits: Mais Sporen: Melk; Sesamzaad; Soja"
0.0,0.0,0.0,1.0,0.0,0.0,4104420057487.0,"dasistdrin","Zutaten / Inhaltsstoffe: Mais*. Kann Spuren von Milch; Soja und Sesam enthalten. * aus ökologischer Landwirtschaft ** aus biologisch-dynamischer Landwirtschaft"
0.0,1.0,0.0,1.0,0.0,0.0,4104420057487.0,"open_food_facts","Duits: Mais Sporen: Melk; Sesamzaad; Soja"
0.0,2.0,0.0,0.0,0.0,0.0,4104420076907.0,"alnatura","Duits: Schafskäse; Ziegenmilch; Salzlake; tierisches Lab Allergenen: Melk"
0.0,2.0,0.0,0.0,0.0,0.0,4104420076907.0,"dasistdrin","Zutaten / Inhaltsstoffe: Feta* aus Schafsmilch mit Ziegenmilchanteilen; tierisches Lab. * aus ökologischer Landwirtschaft ** aus biologisch-dynamischer Landwirtschaft"
0.0,2.0,0.0,0.0,0.0,0.0,4104420076907.0,"open_food_facts","Duits: Schafskäse; Ziegenmilch; Salzlake; tierisches Lab Allergenen: Melk"
1.0,0.0,1.0,1.0,1.0,0.0,4104420022683.0,"alnatura","Frans: Pois chiches Sporen: Gluten; Noten; Pinda; Sesamzaad; Soja"
1.0,1.0,1.0,1.0,1.0,0.0,4104420022683.0,"dasistdrin","Zutaten / Inhaltsstoffe: Kichererbsen*. Kann Spuren von Gluten; erdnüssen; anderen Nüssen; Mandeln; Milch; Lupinen und Sesam enthalten. * aus ökologischer Landwirtschaft ** aus biologisch-dynamischer Landwirtschaft"
1.0,0.0,1.0,1.0,0.0,0.0,4104420022683.0,"migipedia","Kichererbsen* *aus biologischer Landwirtschaft. Kann Spuren von Gluten; Soja; Mandel; Nüssen und Sesam enthalten."
1.0,0.0,1.0,1.0,1.0,0.0,4104420022683.0,"open_food_facts","Frans: Pois chiches Sporen: Gluten; Noten; Pinda; Sesamzaad; Soja"
0.0,0.0,0.0,0.0,0.0,0.0,4104420022683.0,"piccantino","100% kikkererwten"
0.0,0.0,2.0,1.0,0.0,0.0,4104420016545.0,"alnatura","Duits: Weizengrieß Allergenen: Gluten Sporen: Lupine; Soja"
0.0,0.0,2.0,1.0,0.0,0.0,4104420016545.0,"dasistdrin","Zutaten / Inhaltsstoffe: Weizengrieß**. Kann Spuren von Lupinen enthalten. * aus ökologischer Landwirtschaft ** aus biologisch-dynamischer Landwirtschaft"
0.0,0.0,2.0,1.0,0.0,0.0,4104420016545.0,"open_food_facts","Duits: Weizengrieß Allergenen: Gluten Sporen: Lupine; Soja"
0.0,0.0,0.0,0.0,0.0,0.0,4104420016545.0,"piccantino","tarwegries"
0.0,0.0,0.0,0.0,0.0,0.0,4104420038103.0,"alnatura","Duits: Schwarztee"
0.0,0.0,0.0,0.0,0.0,0.0,4104420038103.0,"dasistdrin","Zutaten / Inhaltsstoffe: Schwarztee*. * aus ökologischer Landwirtschaft ** aus biologisch-dynamischer Landwirtschaft"
0.0,0.0,0.0,0.0,0.0,0.0,4104420038103.0,"open_food_facts","Duits: Schwarztee"
0.0,0.0,0.0,0.0,0.0,0.0,4104420045286.0,"dasistdrin","Zutaten / Inhaltsstoffe: Putenfleisch* (60%); Hähnchenhaut*; Wasser; Steinsalz; Gewürze*; Knoblauch*; Pastinake*; Tomatenpulver*; Karotte*; Lauch*; Liebstöckel*; Zwiebel*; Salz; Dextrose*; Stabilisator: Natriumcitrat; Natursaitling; Buchenholzrauch. * aus ökologischer Landwirtschaft ** aus biologisch-dynamischer Landwirtschaft"
0.0,0.0,1.0,0.0,0.0,0.0,4104420214040.0,"alnatura","Duits: Melassehefe* 69 %; Reismehl* 30%; Meersalz Sporen: Gluten"
0.0,0.0,1.0,0.0,0.0,0.0,4104420214040.0,"migipedia","Melassehefe* 69%; Reismehl* 30%; Meersalz * aus biologischer Landwirtschaft. Kann Spuren von Gluten enthalten."
0.0,0.0,1.0,0.0,0.0,0.0,4104420214040.0,"open_food_facts","Duits: Melassehefe* 69 %; Reismehl* 30%; Meersalz Sporen: Gluten"
0.0,0.0,0.0,0.0,0.0,0.0,4104420214040.0,"piccantino","69% melasse gist|30% rijstmeel|zeezout"
0.0,1.0,2.0,1.0,0.0,0.0,4104420187412.0,"alnatura","Duits: Rindfleisch* 95 %; Salz; Gewürze**; Rohrohrzucker**; Maltodextrin** Buchenrauch aus biodynamischem Landbau aus biologischer Landwirtschaft ** Kann Spuren von Gluten; Soja; Milch; Sellerie und Senf enthalten. Sporen: Selderij; Gluten; Melk; Mosterd; Soja"
0.0,1.0,2.0,1.0,0.0,0.0,4104420187412.0,"open_food_facts","Duits: Rindfleisch* 95 %; Salz; Gewürze**; Rohrohrzucker**; Maltodextrin** Buchenrauch aus biodynamischem Landbau aus biologischer Landwirtschaft ** Kann Spuren von Gluten; Soja; Milch; Sellerie und Senf enthalten. Sporen: Selderij; Gluten; Melk; Mosterd; Soja"
1.0,2.0,0.0,1.0,0.0,0.0,4104420053489.0,"alnatura","Frans: Nappage au yaourt 60% (sucre de canne brut; beurre de cacao; yaourt au lait écrémé en poudre 9%; lait entier en poudre); galettes de riz 40% (riz complet 99%; sésame; sel marin). Peut contenir des traces de soja et fruits à coque. Allergenen: Melk; Sesamzaad Sporen: Noten; Soja"
1.0,2.0,0.0,1.0,0.0,0.0,4104420053489.0,"dasistdrin","Zutaten / Inhaltsstoffe: Joghurtüberzug* (60%) (Rohrohrzucker*; Kakaobutter*; Magermilchjoghurtpulver* (9%); Vollmilchpulver*); Reiswaffeln* (40%) (Vollkornreis*; Sesam*; Meersalz). Kann Spuren von Nüssen und Soja enthalten. * aus ökologischer Landwirtschaft ** aus biologisch-dynamischer Landwirtschaft"
1.0,2.0,0.0,1.0,0.0,0.0,4104420053489.0,"migipedia","Joghurtüberzug * 60% (Rohrzucker*; Kakaobutter*; MAGERMILCHJOGHURTPULVER* 9%; VOLLMILCHPULVER*); Reiswaffeln* 40% (Vollkornreis* 99%; Meersalz) *aus biologischer Landwirtschaft. Kann Spuren von Soja; Nüssen und Sesam enthalten."
1.0,2.0,0.0,1.0,0.0,0.0,4104420053489.0,"open_food_facts","Frans: Nappage au yaourt 60% (sucre de canne brut; beurre de cacao; yaourt au lait écrémé en poudre 9%; lait entier en poudre); galettes de riz 40% (riz complet 99%; sésame; sel marin). Peut contenir des traces de soja et fruits à coque. Allergenen: Melk; Sesamzaad Sporen: Noten; Soja"
0.0,0.0,2.0,0.0,0.0,0.0,4104420225770.0,"alnatura","Duits: Hafervollkornflocken 52%; Reissirup; Sonnenblumenöl; Aroniasaftkonzentrat; Heidelbeeren gefriergetrocknet 2 %; Meersalz Allergenen: Gluten"
1.0,1.0,2.0,1.0,0.0,1.0,4104420225770.0,"migipedia","HAFERVOLLKORNFLOCKEN* 52 %; Reissirup*; Sonnenblumenöl*; Aroniasaftkonzentrat*; Heidelbeeren* gefriergetrocknet 2 %; Meersalz *aus biologischer Landwirtschaft. Kann Spuren von Ei; Soja; Milch; Mandel; Nüssen und Sesam enthalten."
0.0,0.0,2.0,0.0,0.0,0.0,4104420225770.0,"open_food_facts","Duits: Hafervollkornflocken 52%; Reissirup; Sonnenblumenöl; Aroniasaftkonzentrat; Heidelbeeren gefriergetrocknet 2 %; Meersalz Allergenen: Gluten"
0.0,0.0,0.0,0.0,0.0,0.0,4104420145900.0,"alnatura","Frans: Thé vert* en poudre *de l'agriculture biologique"
0.0,0.0,0.0,0.0,0.0,0.0,4104420145900.0,"open_food_facts","Frans: Thé vert* en poudre *de l'agriculture biologique"
0.0,0.0,0.0,0.0,0.0,0.0,4104420145900.0,"piccantino","matcha"
0.0,0.0,0.0,0.0,0.0,0.0,4104420021785.0,"alnatura","Duits: Bio rohrohrzucker"
0.0,0.0,0.0,0.0,0.0,0.0,4104420021785.0,"dasistdrin","Zutaten / Inhaltsstoffe: Vollrohrzucker*. * aus ökologischer Landwirtschaft ** aus biologisch-dynamischer Landwirtschaft"
0.0,0.0,0.0,0.0,0.0,0.0,4104420021785.0,"open_food_facts","Duits: Bio rohrohrzucker"
0.0,0.0,0.0,0.0,0.0,0.0,4104420021785.0,"piccantino","100% ruwe rietsuiker"
2.0,0.0,0.0,0.0,0.0,0.0,4104420207325.0,"alnatura","Duits: Mandelzubereitung 58% (Wasser; Mandeln 10%); Kokosfett 31 %; Schnittlauch; Petersilie; Verdickungsmittel: Johannisbrotkernmehl; Zitronensaft aus Zitronensaftkonzentrat; Speisesalz; Knoblauch Pfeffer Allergenen: Noten"
0.0,0.0,0.0,0.0,0.0,0.0,4104420207325.0,"migipedia","Mandelzubereitung* 58 % (Wasser; MANDELN* 10%); Kokosöl* 31%; Schnittlauch*; Petersilie*; Verdickungsmittel: Johannisbrotkernmehl*; Zitronensaft* aus Zitronensaftkonzentrat*; Speisesalz; Knoblauch*; Pfeffer* *aus biologischer Landwirtschaft."
2.0,0.0,0.0,0.0,0.0,0.0,4104420207325.0,"open_food_facts","Duits: Mandelzubereitung 58% (Wasser; Mandeln 10%); Kokosfett 31 %; Schnittlauch; Petersilie; Verdickungsmittel: Johannisbrotkernmehl; Zitronensaft aus Zitronensaftkonzentrat; Speisesalz; Knoblauch Pfeffer Allergenen: Noten"
0.0,0.0,0.0,0.0,0.0,0.0,4104420173514.0,"piccantino","water|21% Champignons wit|zonnebloemolie|aardappelzetmeel|8% droge gist|zonnebloempitten (gemalen; gedeeltelijk ontvet)|zeezout|uien poeder|johannesbroodpitmeel|citroensap"
0.0,0.0,2.0,0.0,0.0,1.0,4104420134607.0,"alnatura","Frans: Farine d'épeautre type 1050 (56%); flocons d'avoine complète 17%; graisse de palme non hydrogénée; raisins secs concassés; séchés puis huilés (avec de l'huile de tournesol) 12%; flocons de banane 7%; poudre de pomme 5%; agent acidifiant: tartrate de potassium (tartre pur); poudre à lever: carbonate acide de sodium; fécule de maïs; thiamine (vitamine B1)"
0.0,0.0,2.0,0.0,0.0,1.0,4104420134607.0,"open_food_facts","Frans: Farine d'épeautre type 1050 (56%); flocons d'avoine complète 17%; graisse de palme non hydrogénée; raisins secs concassés; séchés puis huilés (avec de l'huile de tournesol) 12%; flocons de banane 7%; poudre de pomme 5%; agent acidifiant: tartrate de potassium (tartre pur); poudre à lever: carbonate acide de sodium; fécule de maïs; thiamine (vitamine B1)"
1.0,1.0,2.0,1.0,1.0,1.0,4104420134607.0,"piccantino","55% speltmeel type 1050|17% volkoren havervlokken|palmolie|Rozijnen geolied|rozijnen|zonnebloemolie|7% bananenvlokken|5% appel meel|Monokaliumtartraat (E336)|natriumwaterstofcarbonaat (E500ii)|maïszetmeel|vitamine B1 (thiamine)"
1.0,0.0,1.0,1.0,1.0,0.0,4104420142787.0,"alnatura","Duits: Rohrzucker aus biologischer Landwirtschaft Sporen: Gluten; Noten; Pinda; Sesamzaad; Soja"
1.0,0.0,1.0,1.0,1.0,0.0,4104420142787.0,"open_food_facts","Duits: Rohrzucker aus biologischer Landwirtschaft Sporen: Gluten; Noten; Pinda; Sesamzaad; Soja"
1.0,0.0,0.0,0.0,0.0,0.0,4104420142787.0,"piccantino","100% ruwe rietsuiker"
0.0,0.0,0.0,0.0,0.0,0.0,4104420204225.0,"alnatura","Duits: Wasser; Kokosextrakt* 8%; Meersalz"
0.0,0.0,0.0,0.0,0.0,0.0,4104420204225.0,"open_food_facts","Duits: Wasser; Kokosextrakt* 8%; Meersalz"
0.0,0.0,0.0,0.0,0.0,0.0,4104420204225.0,"piccantino","water|8% kokospulp|zeezout"
0.0,0.0,2.0,0.0,0.0,0.0,4104420138681.0,"alnatura","Frans: @ Semoule de blé complet* ; thiamine (vita - mine Bi)l * de l'agriculture biodynamique selon la loi Provenance du blé: Allemagne Allergenen: Gluten"
0.0,0.0,0.0,0.0,0.0,0.0,4104420138681.0,"migipedia","WEIZENGRIEß*; WEIZENVOLLKORNMEHL*; Thiamin (Vitamin B1) *aus Demeter Bio-Landbau."
0.0,0.0,2.0,0.0,0.0,0.0,4104420138681.0,"open_food_facts","Frans: @ Semoule de blé complet* ; thiamine (vita - mine Bi)l * de l'agriculture biodynamique selon la loi Provenance du blé: Allemagne Allergenen: Gluten"
0.0,0.0,2.0,0.0,0.0,0.0,4104420138681.0,"piccantino","tarwegries|volkoren meel|vitamine B1 (thiamine)"
0.0,0.0,0.0,0.0,0.0,0.0,4104420025929.0,"alnatura","Duits: Leinöl"
0.0,0.0,0.0,0.0,0.0,0.0,4104420025929.0,"dasistdrin","Zutaten / Inhaltsstoffe: Leinöl*. * aus ökologischer Landwirtschaft ** aus biologisch-dynamischer Landwirtschaft"
0.0,0.0,0.0,0.0,0.0,0.0,4104420025929.0,"open_food_facts","Duits: Leinöl"
0.0,0.0,0.0,0.0,0.0,0.0,4104420025929.0,"piccantino","100% Virgin lijnolie"
1.0,1.0,2.0,1.0,0.0,1.0,4104420218536.0,"alnatura","Frans: Flocons d'avoine complète 68 %; chocolat noir* 10% (cacao en pâte*; sucre de canne brut*; beurre de cacao*); flocons d'orge complète*; jus de dattes concentré*; cerises griottes* lyophilisées 3%; huile de tournesol; noix de coco râpée*; blé* Soufflé; amarante* soufflée; cacao fortement dégraissé en poudre*; sucre de canne brut; agent enrobage: gomme arabique issus de l'agriculture biologique. Peut contenir des traces d'oeuf; soja; lait; amande; fruits à coque et sésame. Allergenen: Gluten Sporen: Eieren; Melk; Noten; Sesamzaad; Soja"
1.0,1.0,2.0,1.0,0.0,1.0,4104420218536.0,"open_food_facts","Frans: Flocons d'avoine complète 68 %; chocolat noir* 10% (cacao en pâte*; sucre de canne brut*; beurre de cacao*); flocons d'orge complète*; jus de dattes concentré*; cerises griottes* lyophilisées 3%; huile de tournesol; noix de coco râpée*; blé* Soufflé; amarante* soufflée; cacao fortement dégraissé en poudre*; sucre de canne brut; agent enrobage: gomme arabique issus de l'agriculture biologique. Peut contenir des traces d'oeuf; soja; lait; amande; fruits à coque et sésame. Allergenen: Gluten Sporen: Eieren; Melk; Noten; Sesamzaad; Soja"
0.0,0.0,0.0,0.0,0.0,0.0,4104420146860.0,"alnatura","Duits: Reis* 93%; Wasser"
0.0,0.0,0.0,0.0,0.0,0.0,4104420146860.0,"migipedia","Reis* 93%; Wasser *aus biologischer Landwirtschaft."
0.0,0.0,0.0,0.0,0.0,0.0,4104420146860.0,"open_food_facts","Duits: Reis* 93%; Wasser"
0.0,0.0,0.0,0.0,0.0,0.0,4104420146860.0,"piccantino","93% rijst|water"
0.0,1.0,2.0,1.0,0.0,0.0,4104420014701.0,"alnatura","Italiaans: Pasta 74%: semola di grano duro; acqua; olio di palma ripieno al 26% 65% verdure (cipolle 24%; carote 21%; porro 16%; sedano 3%; spinaci 1%); pane grattugiato (farina di frumento; lievito); fiocchi di patate; grasso di palma non idrogenato; sale marino; spezie (in proporzione variabile: aglio; pepe; santoreggia); olio di semi di girasole; emulsionante: lecitina di soia Allergenen: Selderij; Gluten; Soja Sporen: Melk"
0.0,1.0,2.0,2.0,0.0,0.0,4104420014701.0,"dasistdrin","Zutaten / Inhaltsstoffe: Teig (74%): Hartweizengrieß*; Wasser; Palmöl*; Füllung (26%): Gemüse* 65% (in veränderlichen Gewichtsanteilen: Zwiebeln*; Karotten*; Lauch*; Sellerie*; Spinat*); Paniermehl* (Weichweizenmehl*; Hefe*); Kartoffelflocken*; ungehärtetes Palmfett*; Meersalz; Haferfaser*; Gewürze* (in veränderlichen Gewichtsanteilen: Knoblauch*; Pfeffer*; Bohnenkraut*); Sonnenblumenöl*; Emulgator: Sojalecithin*. Kann Spuren von Milch enthalten. * aus kontrolliert biologischem Anbau ** aus biologisch-dynamischer Landwirtschaft"
0.0,1.0,2.0,2.0,0.0,0.0,4104420014701.0,"migipedia","Teig 74 %: HARTWEIZENGRIEß*; Wasser; Füllung 26 %: Gemüse* 65 % (in veränderlichen Gewichtsanteilen: Zwiebeln*; Karotten*; Lauch*; SELLERIE*; Spinat*); Paniermehl* (WEIZENMEHL*; Hefe*); Kartoffelflocken*; Sonnenblumenöl*; Meersalz; Gewürze* (in veränderlichen Gewichtsanteilen: Knoblauch*; Pfeffer*; Bohnenkraut*); Emulgator: SOJALECITHIN* *aus kontrolliert biologischem Anbau. Kann Spuren von Milch enthalten."
0.0,1.0,2.0,1.0,0.0,0.0,4104420014701.0,"open_food_facts","Italiaans: Pasta 74%: semola di grano duro; acqua; olio di palma ripieno al 26% 65% verdure (cipolle 24%; carote 21%; porro 16%; sedano 3%; spinaci 1%); pane grattugiato (farina di frumento; lievito); fiocchi di patate; grasso di palma non idrogenato; sale marino; spezie (in proporzione variabile: aglio; pepe; santoreggia); olio di semi di girasole; emulsionante: lecitina di soia Allergenen: Selderij; Gluten; Soja Sporen: Melk"
1.0,0.0,1.0,0.0,1.0,0.0,4104420010628.0,"alnatura","Duits: Gelbe Linsen; Sonnenblumenöl Sporen: Gluten; Noten; Pinda; Sesamzaad"
1.0,0.0,1.0,0.0,1.0,0.0,4104420010628.0,"dasistdrin","Zutaten / Inhaltsstoffe: Gelbe Linsen*; Sonnenblumenöl*. Kann Spuren von erdnüssen; anderen Nüssen; Sesam und Gluten enthalten. * aus ökologischer Landwirtschaft ** aus biologisch-dynamischer Landwirtschaft"
1.0,0.0,1.0,0.0,1.0,0.0,4104420010628.0,"open_food_facts","Duits: Gelbe Linsen; Sonnenblumenöl Sporen: Gluten; Noten; Pinda; Sesamzaad"
2.0,0.0,0.0,0.0,1.0,0.0,4104420024960.0,"alnatura","Frans: Noix de cajou Allergenen: Noten Sporen: Noten; Pinda; de:nusse"
2.0,0.0,0.0,0.0,1.0,0.0,4104420024960.0,"dasistdrin","Zutaten / Inhaltsstoffe: Cashewkerne*. Kann Spuren von erdnüssen; anderen Nüssen und Mandeln enthalten. * aus ökologischer Landwirtschaft ** aus biologisch-dynamischer Landwirtschaft"
2.0,0.0,0.0,0.0,1.0,0.0,4104420024960.0,"migipedia","CASHEWNÜSSE* *aus biologischer Landwirtschaft. Kann Spuren von Erdnuss; Mandel und anderen Nüssen enthalten."
2.0,0.0,0.0,0.0,1.0,0.0,4104420024960.0,"open_food_facts","Frans: Noix de cajou Allergenen: Noten Sporen: Noten; Pinda; de:nusse"
2.0,0.0,0.0,0.0,1.0,0.0,4104420024960.0,"piccantino","cashewnoten"
1.0,1.0,2.0,1.0,1.0,0.0,4104420016781.0,"alnatura","Duits: Bio Dinkelkleie Allergenen: Gluten Sporen: Lupine; Melk; Noten; Pinda; Sesamzaad; Soja; de:nüssen"
1.0,1.0,2.0,1.0,1.0,0.0,4104420016781.0,"dasistdrin","Zutaten / Inhaltsstoffe: Dinkelkleie*. Kann Spuren von erdnüssen; anderen Nüssen; Mandeln; Milch; Soja; Lupinen und Sesam enthalten. * aus ökologischer Landwirtschaft ** aus biologisch-dynamischer Landwirtschaft"
1.0,1.0,2.0,1.0,1.0,0.0,4104420016781.0,"open_food_facts","Duits: Bio Dinkelkleie Allergenen: Gluten Sporen: Lupine; Melk; Noten; Pinda; Sesamzaad; Soja; de:nüssen"
0.0,0.0,0.0,0.0,0.0,0.0,4104420016781.0,"piccantino","Speltzemelen"
0.0,0.0,0.0,0.0,0.0,0.0,4104420208247.0,"alnatura","Duits: Sonnenblumenöl Sporen: Sesamzaad"
1.0,0.0,0.0,0.0,1.0,0.0,4104420208247.0,"migipedia","Kann Spuren von Erdnuss; Mandel; Nüssen und Sesam enthalten."
0.0,0.0,0.0,0.0,0.0,0.0,4104420208247.0,"open_food_facts","Duits: Sonnenblumenöl Sporen: Sesamzaad"
1.0,1.0,2.0,1.0,0.0,0.0,4104420140660.0,"migipedia","ROGGEN* *aus Demeter Bio-LandbauKann Spuren von Soja; Milch; Mandel; Nüssen; Sellerie und Sesam enthalten."
0.0,0.0,0.0,0.0,0.0,0.0,4104420140660.0,"piccantino","rogge"
1.0,1.0,2.0,1.0,0.0,0.0,4104420136564.0,"alnatura","Duits: Hafervollkornflocken 66%; Rosinen geölt 10% (Rosinen 99;5%; Sonnenblumenöl); Reis gepufft; Aprikosen getrocknet 5%; Datteln getrocknet 5%; Pflaumen getrocknet 3;5%; Äpfel getrocknet 2;5%; Reismehl ;Ceylon-Zimt Allergenen: Gluten Sporen: Melk; Noten; Sesamzaad; Soja"
1.0,1.0,2.0,1.0,0.0,0.0,4104420136564.0,"migipedia","HAFERVOLLKORNFLOCKEN* 66%; Rosinen* geölt 10% (Rosinen* 99;5%; Sonnenblumenöl*); Reis* gepufft; Aprikosen* getrocknet 5%; Datteln* getrocknet 5%; Pflaumen* getrocknet 3;5%; Äpfel* getrocknet 2;5%; Reismehl*; Ceylon-Zimt* *aus biologischer Landwirtschaft. Kann Spuren von Soja; Milch; Mandel; Nüssen und Sesam enthalten."
1.0,1.0,2.0,1.0,0.0,0.0,4104420136564.0,"open_food_facts","Duits: Hafervollkornflocken 66%; Rosinen geölt 10% (Rosinen 99;5%; Sonnenblumenöl); Reis gepufft; Aprikosen getrocknet 5%; Datteln getrocknet 5%; Pflaumen getrocknet 3;5%; Äpfel getrocknet 2;5%; Reismehl ;Ceylon-Zimt Allergenen: Gluten Sporen: Melk; Noten; Sesamzaad; Soja"
0.0,1.0,2.0,1.0,0.0,0.0,4104420136564.0,"piccantino","66% volkoren havervlokken|10% rozijnen (geolied met zonnebloemolie)|gepofte rijst|5% abrikozen gedroogd|5% gedroogde dadels|3;5% gedroogde pruimen|2;5% gedroogde appels|rijstmeel|Ceylon kaneel"
0.0,0.0,0.0,0.0,0.0,0.0,4104420037281.0,"alnatura","Frans: Mélange de fruits* 55% (en proportion variable: mûres*; fraises*; framboises*; myrtilles*; baies de sureau*); sucre de canne brut*; gélifiant: pectine; jus de citron concentré* *de l'agriculture biologique"
0.0,0.0,0.0,0.0,0.0,0.0,4104420037281.0,"dasistdrin","Zutaten / Inhaltsstoffe: Fruchtmischung* (55%) (in veränderlichen Gewichtsanteilen: Brombeeren*; Erdbeeren*; Himbeeren*; Heidelbeeren*; Holunderbeeren*); Rohrohrzucker*; Geliermittel: Apfelpektin; Zitronensaftkonzentrat*. * aus ökologischer Landwirtschaft ** aus biologisch-dynamischer Landwirtschaft"
0.0,0.0,0.0,0.0,0.0,0.0,4104420037281.0,"open_food_facts","Frans: Mélange de fruits* 55% (en proportion variable: mûres*; fraises*; framboises*; myrtilles*; baies de sureau*); sucre de canne brut*; gélifiant: pectine; jus de citron concentré* *de l'agriculture biologique"
0.0,2.0,0.0,0.0,0.0,0.0,4104420137547.0,"alnatura","Duits: fettarme Milch*; Magermilch - konzentrat* *aus biodynamischem Landbau Allergenen: Melk"
0.0,2.0,0.0,0.0,0.0,0.0,4104420137547.0,"open_food_facts","Duits: fettarme Milch*; Magermilch - konzentrat* *aus biodynamischem Landbau Allergenen: Melk"
0.0,0.0,0.0,0.0,0.0,0.0,4104420142640.0,"alnatura","Duits: Kichererbsen 48%; Wasser; Sonnenblumenöl; Tomaten 10%; Sesam; Tomaten getrocknet 2%; Maisstärke; Salz; Zitronensaft aus Zitronensaftkonzentrat; Rübenzucker; Zwiebeln; Gewürze; Verdickungsmittel: Johannisbrotkernmehl; Knoblauch Allergenen: Sesamzaad"
0.0,0.0,0.0,0.0,0.0,0.0,4104420142640.0,"open_food_facts","Duits: Kichererbsen 48%; Wasser; Sonnenblumenöl; Tomaten 10%; Sesam; Tomaten getrocknet 2%; Maisstärke; Salz; Zitronensaft aus Zitronensaftkonzentrat; Rübenzucker; Zwiebeln; Gewürze; Verdickungsmittel: Johannisbrotkernmehl; Knoblauch Allergenen: Sesamzaad"
1.0,1.0,2.0,1.0,1.0,0.0,4104420018907.0,"alnatura","Frans: Flocons d'avoine complète* 42%; flocons d'épeautre complet* 19%; corn-flakes* 11% (maïs*; sucre de canne brut*; sel de mer; malt de maïs*); flocons de blé complet* 8%; chocolat au lait* 7% (sucre de canne brut*; beurre de cacao*; lait entier en poudre*; pâte de cacao*); miel*; riz* soufflé; épeautre* soufflé 2%; blé* soufflé 2%; agent d'enrobage: gomme arabique*; framboises* lyophilisées 1%; huile de tournesol*; cannelle de Ceylan* *de l'agriculture biologique Peut contenir des traces d'arachide; soja; amande; fruits à coque et sésame. Allergenen: Gluten; Melk; Pinda Sporen: Noten; Pinda; Sesamzaad; Soja"
1.0,2.0,2.0,1.0,1.0,0.0,4104420018907.0,"dasistdrin","Zutaten / Inhaltsstoffe: Hafervollkornflocken* 42%; Dinkelvollkornflocken* 19%; Cornflakes* 11% (Mais*; Rohrohrzucker*; Meersalz; Maismalz*); Weizenvollkornflocken* 8%; Vollmilchschokolade* 7% (Rohrohrzucker*; Kakaobutter*; Vollmilchpulver*; Kakaomasse*); Honig*; Puffreis*; Dinkel* gepufft 2%; Weizen* gepufft 2%; Überzugsmittel: Gummi arabicum*; Himbeeren* gefriergetrocknet 1%; Sonnenblumenöl*; Zimt*. Kann Spuren von erdnüssen; anderen Nüssen; Mandeln; Soja und Sesam enthalten. * aus kontrolliert biologischem Anbau ** aus biologisch-dynamischer Landwirtschaft"
1.0,1.0,2.0,1.0,1.0,0.0,4104420018907.0,"open_food_facts","Frans: Flocons d'avoine complète* 42%; flocons d'épeautre complet* 19%; corn-flakes* 11% (maïs*; sucre de canne brut*; sel de mer; malt de maïs*); flocons de blé complet* 8%; chocolat au lait* 7% (sucre de canne brut*; beurre de cacao*; lait entier en poudre*; pâte de cacao*); miel*; riz* soufflé; épeautre* soufflé 2%; blé* soufflé 2%; agent d'enrobage: gomme arabique*; framboises* lyophilisées 1%; huile de tournesol*; cannelle de Ceylan* *de l'agriculture biologique Peut contenir des traces d'arachide; soja; amande; fruits à coque et sésame. Allergenen: Gluten; Melk; Pinda Sporen: Noten; Pinda; Sesamzaad; Soja"
1.0,2.0,2.0,1.0,0.0,0.0,4104420018907.0,"piccantino","43% volkoren havervlokken|19% volkoren speltvlokken|9;8% cornflakes|maïs|lecithine|9;4% volkorenvlokken|6;8% melkchocolade|ruwe rietsuiker|cacaoboter|melkpoeder|cacaomassa|honing|3% gepofte spelt|1;9% gepofte rijst|gevriesdroogde frambozen|zonnebloemolie|pure chocolade|cacaomassa|ruwe rietsuiker|cacaoboter|Ceylon kaneel"
2.0,0.0,0.0,0.0,1.0,0.0,4104420025066.0,"alnatura","Duits: Walnusskerne Allergenen: Noten; Pinda Sporen: Noten"
2.0,0.0,0.0,0.0,1.0,0.0,4104420025066.0,"dasistdrin","Zutaten / Inhaltsstoffe: Walnusskerne*. Kann Spuren von erdnüssen; anderen Nüssen und Mandeln enthalten. * aus ökologischer Landwirtschaft ** aus biologisch-dynamischer Landwirtschaft"
2.0,0.0,0.0,0.0,1.0,0.0,4104420025066.0,"open_food_facts","Duits: Walnusskerne Allergenen: Noten; Pinda Sporen: Noten"
0.0,0.0,0.0,0.0,0.0,0.0,4104420204041.0,"piccantino","49% appel|30% rozenbottel|9% hibiscusbloemen|8% zwarte bes|rode biet"
1.0,0.0,2.0,1.0,0.0,0.0,42373186.0,"alnatura","Duits: Bananenflocken* 31%; Apfelsaftkonzentrat* 30%; Weizenvollkornflocken* gemahlen 18%; Hafervollkornmehl* 11%; Palmfett*; Oblaten Weizenmehl*; Kartoffelstärke*) Allergenen: Gluten Sporen: Noten; Soja"
1.0,0.0,2.0,1.0,0.0,0.0,42373186.0,"open_food_facts","Duits: Bananenflocken* 31%; Apfelsaftkonzentrat* 30%; Weizenvollkornflocken* gemahlen 18%; Hafervollkornmehl* 11%; Palmfett*; Oblaten Weizenmehl*; Kartoffelstärke*) Allergenen: Gluten Sporen: Noten; Soja"
0.0,0.0,0.0,0.0,0.0,0.0,4104420030220.0,"alnatura","Frans: Huile d'olive vierge extra bio"
0.0,0.0,0.0,0.0,0.0,0.0,4104420030220.0,"dasistdrin","Zutaten / Inhaltsstoffe: Olivenöl nativ extra*. * aus ökologischer Landwirtschaft ** aus biologisch-dynamischer Landwirtschaft"
0.0,0.0,0.0,0.0,0.0,0.0,4104420030220.0,"open_food_facts","Frans: Huile d'olive vierge extra bio"
0.0,0.0,0.0,0.0,0.0,0.0,4104420145122.0,"alnatura","Duits: Bio Kokosblütensirup"
0.0,0.0,0.0,0.0,0.0,0.0,4104420145122.0,"open_food_facts","Duits: Bio Kokosblütensirup"
2.0,2.0,2.0,1.0,0.0,1.0,4104420053786.0,"alnatura","Frans: Chocolat noir 63% (pâte de cacao; sucre de canne brut; beurre de cacao); croquant aux éclats d'amandes 27% (éclats d'amandes grillées 87%; sucre de canne brut; sirop de glucose; beurre; miel; lait entier en poudre); galettes à l'épeautre 10% (farine d'épeautre 76%; sucre de canne brut; huile de colza; jaune d'œuf en poudre; sel marin) Allergenen: Eieren; Gluten; Melk; de:mandelsplitter Sporen: Noten; Sesamzaad; Soja"
2.0,2.0,2.0,1.0,0.0,2.0,4104420053786.0,"dasistdrin","Zutaten / Inhaltsstoffe: Zartbitterschokolade* 63% (Kakaomasse*; Rohrohrzucker*; Kakaobutter*); Mandelsplitterkrokant* 27% (geröstete Mandelsplitter* 87%; Rohrohzucker*; Maissirup*; Butter*; Honig*; Vollmilchpulver*); Dinkelwaffeln* 10% (Dinkelmehl* 76%; Rohrohrzucker*; Rapsöl*; Hühnereigelbpulver*; Meersalz). Kann Spuren von Nüssen; Soja und Sesam enthalten. * aus ökologischer Landwirtschaft ** aus biologisch-dynamischer Landwirtschaft"
1.0,2.0,2.0,1.0,0.0,2.0,4104420053786.0,"migipedia","Zartbitterschokolade* 63% (Kakaomasse*; Rohrohrzucker*; Kakaobutter*); Mandelsplitterkrokant* 27% (MANDELSPLITTER* geröstet 87%; Rohrohrzucker*; Glukosesirup*; BUTTER*; Honig*; VOLLMILCHPULVER*); Dinkelwaffeln* 10% (DINKELMEHL*¹ 76%; Rohrohrzucker*; Rapsöl*; HÜHNEREIGELBPULVER*; Meersalz) *aus biologischer Landwirtschaft ¹ DINKEL IST EINE URWEIZENART. Kann Spuren von Soja; Nüssen und Sesam enthalten."
2.0,2.0,2.0,1.0,0.0,1.0,4104420053786.0,"open_food_facts","Frans: Chocolat noir 63% (pâte de cacao; sucre de canne brut; beurre de cacao); croquant aux éclats d'amandes 27% (éclats d'amandes grillées 87%; sucre de canne brut; sirop de glucose; beurre; miel; lait entier en poudre); galettes à l'épeautre 10% (farine d'épeautre 76%; sucre de canne brut; huile de colza; jaune d'œuf en poudre; sel marin) Allergenen: Eieren; Gluten; Melk; de:mandelsplitter Sporen: Noten; Sesamzaad; Soja"
2.0,2.0,2.0,1.0,0.0,2.0,4104420053786.0,"piccantino","63% pure chocolade|cacaomassa|ruwe rietsuiker|cacaoboter|27% Amandel bros|87% geroosterde amandelen|ruwe rietsuiker|glucosestroop|boter|honing|melkpoeder|10% Speltwafels|76% speltmeel|ruwe rietsuiker|koolzaadolie|eigeel|zeezout"
2.0,0.0,0.0,0.0,0.0,0.0,4104420184039.0,"alnatura","Frans: noix de cajou 6.5%; sel marin Allergenen: Noten"
2.0,0.0,0.0,1.0,0.0,0.0,4104420184039.0,"migipedia","Wasser; CASHEWKERNE* 6;5 %; Meersalz *aus biologischer Landwirtschaft. Kann Spuren von Soja; Mandel und anderen Nüssen enthalten."
2.0,0.0,0.0,0.0,0.0,0.0,4104420184039.0,"open_food_facts","Frans: noix de cajou 6.5%; sel marin Allergenen: Noten"
0.0,0.0,0.0,0.0,0.0,0.0,4104420037427.0,"alnatura","Frans: Abricots* 55 %; sucre de canne brut*; gélifiant: pectine; jus de citron concentré* *de l'agriculture biologique Peut contenir des morceaux de noyaux."
0.0,0.0,0.0,0.0,0.0,0.0,4104420037427.0,"dasistdrin","Zutaten / Inhaltsstoffe: Marillen* (Aprikosen*) (55%); Rohrohrzucker*; Geliermittel: Apfelpektin; Zitronensaftkonzentrat*. * aus ökologischer Landwirtschaft ** aus biologisch-dynamischer Landwirtschaft"
0.0,0.0,0.0,0.0,0.0,0.0,4104420037427.0,"migipedia","Marillen* (Aprikosen*) 55%; Rübenzucker*; Geliermittel: Apfelpektin; Zitronensaftkonzentrat* *aus biologischer Landwirtschaft."
0.0,0.0,0.0,0.0,0.0,0.0,4104420037427.0,"open_food_facts","Frans: Abricots* 55 %; sucre de canne brut*; gélifiant: pectine; jus de citron concentré* *de l'agriculture biologique Peut contenir des morceaux de noyaux."
0.0,1.0,2.0,1.0,0.0,0.0,4104420137905.0,"alnatura","Duits: Dinkelvollkornflocken; Hafervollkornflocken; Dinkelflakes 7 %; Dinkelschmelzflocken 5 %; (Dinkelvollkornmehl; Reismehl; Thiamin (Vitamin B1); Mandeln geröstet und gemahlen 4 % Allergenen: Gluten Sporen: Selderij; Melk; Sesamzaad; Soja; de:nusse"
0.0,1.0,2.0,1.0,0.0,0.0,4104420137905.0,"open_food_facts","Duits: Dinkelvollkornflocken; Hafervollkornflocken; Dinkelflakes 7 %; Dinkelschmelzflocken 5 %; (Dinkelvollkornmehl; Reismehl; Thiamin (Vitamin B1); Mandeln geröstet und gemahlen 4 % Allergenen: Gluten Sporen: Selderij; Melk; Sesamzaad; Soja; de:nusse"
1.0,1.0,2.0,1.0,0.0,0.0,4104420137905.0,"piccantino","44% volkoren speltvlokken|44% volkoren havervlokken|7% speltvlokken|5% speltvlokken|speltmeel|vitamine B1 (thiamine)"
0.0,0.0,0.0,0.0,0.0,0.0,4104420030282.0,"dasistdrin","Zutaten / Inhaltsstoffe: Oregano*. * aus kontrolliert biologischer Landwirtschaft ** aus biologisch-dynamischer Landwirtschaft"
0.0,0.0,0.0,0.0,0.0,0.0,4104420030282.0,"migipedia","Oregano* *aus biologischer Landwirtschaft. Kann Spuren von Senf und Sellerie enthalten."
1.0,1.0,2.0,1.0,0.0,0.0,4104420221833.0,"alnatura","Frans: Flocons d'avoine*; sirop de glucose*; farine de riz* extrudée (farine de riz*; sucre de canne brut*; farine de malt d'orge*; sel marin); sirop d'érable* 11 %; dattes* séchées 9%; huile de tournesol*; cornflakes* (mais*; sucre de canne*; extrait de malt d'orge*); sucre de canne*; farine de blé*. *issus de l'agriculture biologique Peut contenir des traces de soja; lait; amande; noisette; noix; noix de cajou; noix de pécan; noix du Brésil; pistache et noix de Macadamia. Allergenen: Gluten; Soja Sporen: Melk; Noten"
1.0,1.0,2.0,1.0,0.0,0.0,4104420221833.0,"open_food_facts","Frans: Flocons d'avoine*; sirop de glucose*; farine de riz* extrudée (farine de riz*; sucre de canne brut*; farine de malt d'orge*; sel marin); sirop d'érable* 11 %; dattes* séchées 9%; huile de tournesol*; cornflakes* (mais*; sucre de canne*; extrait de malt d'orge*); sucre de canne*; farine de blé*. *issus de l'agriculture biologique Peut contenir des traces de soja; lait; amande; noisette; noix; noix de cajou; noix de pécan; noix du Brésil; pistache et noix de Macadamia. Allergenen: Gluten; Soja Sporen: Melk; Noten"
1.0,0.0,0.0,0.0,0.0,0.0,4104420205444.0,"alnatura","Kun je de ingrediëntenlijst toevoegen? Voeg de ingrediënten toe Sporen: Selderij; Noten; Sesamzaad"
1.0,0.0,0.0,0.0,0.0,0.0,4104420205444.0,"open_food_facts","Kun je de ingrediëntenlijst toevoegen? Voeg de ingrediënten toe Sporen: Selderij; Noten; Sesamzaad"
1.0,0.0,0.0,0.0,0.0,0.0,4104420205444.0,"piccantino","47% wortel|water|10% kokosmelk|6% kokos extract|water|zoete aardappel|uien|zonnebloemolie|sinaasappelsap|zeezout|kokosnootschilfers|knoflook|gember|chili"
0.0,0.0,0.0,0.0,0.0,0.0,4104420028289.0,"alnatura","Duits: Dillspitzen Sporen: Selderij; Mosterd"
0.0,0.0,0.0,0.0,0.0,0.0,4104420028289.0,"dasistdrin","Zutaten / Inhaltsstoffe: Dillspitzen*. * aus kontrolliert biologischer Landwirtschaft ** aus biologisch-dynamischer Landwirtschaft"
0.0,0.0,0.0,0.0,0.0,0.0,4104420028289.0,"open_food_facts","Duits: Dillspitzen Sporen: Selderij; Mosterd"
2.0,0.0,0.0,0.0,0.0,0.0,4104420037526.0,"alnatura","Duits: Kürbis 32%; Wasser; Sonnenblumenöl; Zwiebeln; Karotten; Rohrohrzucker; Zitronensaft; Cashewnüsse; Maisgrieß; Meersalz; Gewürze; Verdickungsmittel: Guarkernmehl Allergenen: Noten"
2.0,0.0,0.0,0.0,0.0,0.0,4104420037526.0,"dasistdrin","Zutaten / Inhaltsstoffe: Kürbis* 32%; Wasser; Sonnenblumenöl*; Zwiebeln*; Rohrohrzucker*; Karotten*; Zitronensaft*; Cashewkerne*; Maisgrieß*; Meersalz; Gewürze*; Verdickungsmittel: Guarkernmehl*. * aus ökologischer Landwirtschaft ** aus biologisch-dynamischer Landwirtschaft"
2.0,0.0,0.0,0.0,0.0,0.0,4104420037526.0,"open_food_facts","Duits: Kürbis 32%; Wasser; Sonnenblumenöl; Zwiebeln; Karotten; Rohrohrzucker; Zitronensaft; Cashewnüsse; Maisgrieß; Meersalz; Gewürze; Verdickungsmittel: Guarkernmehl Allergenen: Noten"
2.0,0.0,0.0,0.0,0.0,0.0,4104420037526.0,"piccantino","32% pompoen|water|zonnebloemolie|uien|wortel|ruwe rietsuiker|citroensap|cashewnoten|maïsgrutten|zeezout|kruiden|guargom (E412)"
0.0,0.0,0.0,0.0,0.0,0.0,4104420028326.0,"dasistdrin","Zutaten / Inhaltsstoffe: Majoran*; Rosmarin*; Zwiebeln*; Thymian*; Basilikum*; Oregano*; Knoblauch*; Chili*. Kann Spuren von Sellerie und Senf enthalten. * aus kontrolliert biologischer Landwirtschaft ** aus biologisch-dynamischer Landwirtschaft"
1.0,2.0,2.0,1.0,0.0,1.0,4104420053922.0,"alnatura","Duits: Zutaten/Ingrédients D Dinkelmehl*' Type 1050 (44%); Rohrohrzucker*; Palmfett*; stark entöltes Kakaopulver* 3;8%; Vollmilchpulver*; Maisstär - ke*; Honig*; Glukosesirup*; Backtriebmittel: Natriumhydrogen - carbonat (Natron); Meersalz; Bourbonvanilleschote* gemahlen *aus biologischer Landwirtschaft 'Dinkel ist eine Urweizenart Kann Spuren von Ei; Soja; Mandel; Haselnuss und Paranuss enthalten Allergenen: Melk Sporen: Eieren; Noten; Sesamzaad; Soja; de:paranuss"
1.0,2.0,2.0,1.0,0.0,1.0,4104420053922.0,"dasistdrin","Zutaten / Inhaltsstoffe: Dinkelmehl Type 1050* (44%); Rohrohrzucker*; ungehärtetes Palmfett*; Vollmilchpulver*; Kakaopulver stark entölt* (3;8%); Maisstärke*; Honig*; Gerstenmalz*; Backtriebmittel: Natriumhydrogencarbonat; Meersalz; Bourbon-Vanille*. Kann Spuren von Nüssen; Mandeln; Milch; Ei; Soja und Sesam enthalten. * aus ökologischer Landwirtschaft ** aus biologisch-dynamischer Landwirtschaft"
1.0,2.0,2.0,1.0,0.0,1.0,4104420053922.0,"migipedia","DINKELMEHL*¹ Type 1050 44 %; Rübenzucker*; Palmöl*; stark entöltes Kakaopulver* 3;8 %; VOLLMILCHPULVER*; Maisstärke*; Honig*; Glukosesirup*; Backtriebmittel: Natriumhydrogencarbonat; Meersalz; Bourbonvanilleschote* gemahlen *aus biologischer Landwirtschaft ¹DINKEL IST EINE WEIZENARTKann Spuren von Ei; Soja; Mandel; Haselnuss und Paranuss enthalten."
1.0,2.0,2.0,1.0,0.0,1.0,4104420053922.0,"open_food_facts","Duits: Zutaten/Ingrédients D Dinkelmehl*' Type 1050 (44%); Rohrohrzucker*; Palmfett*; stark entöltes Kakaopulver* 3;8%; Vollmilchpulver*; Maisstär - ke*; Honig*; Glukosesirup*; Backtriebmittel: Natriumhydrogen - carbonat (Natron); Meersalz; Bourbonvanilleschote* gemahlen *aus biologischer Landwirtschaft 'Dinkel ist eine Urweizenart Kann Spuren von Ei; Soja; Mandel; Haselnuss und Paranuss enthalten Allergenen: Melk Sporen: Eieren; Noten; Sesamzaad; Soja; de:paranuss"
1.0,2.0,2.0,1.0,0.0,1.0,4104420053922.0,"piccantino","44% speltmeel type 1050|bietensuiker|palmolie|3;8% cacaopoeder zwaar ontolied|melkpoeder|maïszetmeel|honing|glucosestroop|natriumwaterstofcarbonaat (E500ii)|zeezout|gemalen bourbon vanillestokjes"
0.0,0.0,0.0,0.0,0.0,0.0,4104420214620.0,"alnatura","Duits: Sio Brotaufstrich mit Tomaten; vegan Žutaten: Tomaten* 30%; Sonnenblumenkerne*; Tomater mark* einfach konzentriert 14%; Sonnenblumenil Wasser; Zwiebeln*; Zitronensaft* aus Zitronensaftk zentrat; Tomatenpulver*; Agavendicksaft; Tomate saftkonzentrat*; Speisesalz; Knoblauch*; Kräuter aus biologischer Landwirtschaft"
0.0,0.0,0.0,0.0,0.0,0.0,4104420214620.0,"open_food_facts","Duits: Sio Brotaufstrich mit Tomaten; vegan Žutaten: Tomaten* 30%; Sonnenblumenkerne*; Tomater mark* einfach konzentriert 14%; Sonnenblumenil Wasser; Zwiebeln*; Zitronensaft* aus Zitronensaftk zentrat; Tomatenpulver*; Agavendicksaft; Tomate saftkonzentrat*; Speisesalz; Knoblauch*; Kräuter aus biologischer Landwirtschaft"
1.0,1.0,2.0,1.0,0.0,1.0,4104420209466.0,"alnatura","Duits: Hafervollkornflocken 47%; Reissirup; Dattelsaftkonzentrat; Sonnenblumenöl; stark entöltes Kakaopulver 4;6%; Meersalz Allergenen: Gluten Sporen: Eieren; Melk; Noten; Sesamzaad; Soja"
1.0,1.0,2.0,1.0,0.0,1.0,4104420209466.0,"migipedia","HAFERVOLLKORNFLOCKEN* 54 %; Reissirup*; Sonnenblumenöl*; Dattelsaftkonzentrat*; stark entöltes Kakaopulver* 5;3 %; Meersalz *aus biologischer Landwirtschaft. Kann Spuren von Ei; Soja; Milch; Mandel; Nüssen und Sesam enthalten."
1.0,1.0,2.0,1.0,0.0,1.0,4104420209466.0,"open_food_facts","Duits: Hafervollkornflocken 47%; Reissirup; Dattelsaftkonzentrat; Sonnenblumenöl; stark entöltes Kakaopulver 4;6%; Meersalz Allergenen: Gluten Sporen: Eieren; Melk; Noten; Sesamzaad; Soja"
0.0,0.0,0.0,0.0,0.0,0.0,4104420028364.0,"alnatura","Duits: Lorbeerblätter"
0.0,0.0,0.0,0.0,0.0,0.0,4104420028364.0,"dasistdrin","Zutaten / Inhaltsstoffe: Lorbeerblätter*. * aus kontrolliert biologischer Landwirtschaft ** aus biologisch-dynamischer Landwirtschaft"
0.0,0.0,0.0,0.0,0.0,0.0,4104420028364.0,"open_food_facts","Duits: Lorbeerblätter"
0.0,1.0,0.0,0.0,2.0,0.0,4104420220713.0,"alnatura","Duits: Erdnüsse* geröstet *aus biologischer Allergenen: Pinda"
0.0,1.0,0.0,0.0,2.0,0.0,4104420220713.0,"open_food_facts","Duits: Erdnüsse* geröstet *aus biologischer Allergenen: Pinda"
1.0,1.0,0.0,0.0,2.0,0.0,4104420220713.0,"piccantino","100% Geroosterde pinda's"
1.0,1.0,2.0,1.0,0.0,1.0,4104420145962.0,"alnatura","Duits: Dinkelvollkornmehl*¹ 34%; Dinkelvollkornschrot*1 28%; Hafervollkornflocken*; Roggenvollkornmehl*; Leinsamen* 7%; Sesam* 5%; Sonnenblumenkerne* 5 %; Sonnenblumenöl*; Reismehl*; Meersalz; Hefe*; Gerstenmalzextrakt*. *aus biologischer Landwirtschaft. Kann Spuren von Ei; Soja; Milch; Mandel und Nüssen enthalten. Allergenen: Gluten; Sesamzaad Sporen: Eieren; Melk; Noten; Soja"
1.0,1.0,2.0,1.0,0.0,1.0,4104420145962.0,"migipedia","DINKELVOLLKORNMEHL*¹ 34%; DINKELVOLLKORNSCHROT*¹ 28%; HAFERVOLLKORNFLOCKEN*; ROGGENVOLLKORNMEHL*; Leinsamen* 7%; SESAM* 5%; Sonnenblumenkerne* 5%;Sonnenblumenöl*; Reismehl*; Meersalz; Hefe*;GERSTENMALZEXTRAKT* *aus biologischer Landwirtschaft ¹DINKEL IST EINE WEIZENART. Kann Spuren von Ei; Soja; Mandel und Nüssen enthalten."
1.0,1.0,2.0,1.0,0.0,1.0,4104420145962.0,"open_food_facts","Duits: Dinkelvollkornmehl*¹ 34%; Dinkelvollkornschrot*1 28%; Hafervollkornflocken*; Roggenvollkornmehl*; Leinsamen* 7%; Sesam* 5%; Sonnenblumenkerne* 5 %; Sonnenblumenöl*; Reismehl*; Meersalz; Hefe*; Gerstenmalzextrakt*. *aus biologischer Landwirtschaft. Kann Spuren von Ei; Soja; Milch; Mandel und Nüssen enthalten. Allergenen: Gluten; Sesamzaad Sporen: Eieren; Melk; Noten; Soja"
0.0,0.0,0.0,0.0,0.0,0.0,4104420080423.0,"alnatura","Duits: Äpfel 80%; Bananen 20%"
0.0,0.0,0.0,0.0,0.0,0.0,4104420080423.0,"dasistdrin","Zutaten / Inhaltsstoffe: Apfelmark** (47%); Wasser; Bananenpüree** (23%); Naturreismehl** (5%). * aus ökologischer Landwirtschaft ** aus biologisch-dynamischer Landwirtschaft"
0.0,0.0,0.0,0.0,0.0,0.0,4104420080423.0,"open_food_facts","Duits: Äpfel 80%; Bananen 20%"
1.0,2.0,1.0,0.0,0.0,0.0,4104420222748.0,"alnatura","Frans: Sucre de canne brut*; noisettes* 26 %; beurre de cacao*; lait entier en poudre*; cacao en pâte*; crème en poudre*; lait écrémé en poudre*; extrait de vanille Bourbon* *issus de l'agriculture biologique Cacao: au moins 33 %; composants lactés: 18% Peut contenir des traces de gluten; amande; noix de pécan et pistache. Allergenen: Gluten; Melk; Noten Sporen: Noten"
1.0,2.0,1.0,0.0,0.0,0.0,4104420222748.0,"open_food_facts","Frans: Sucre de canne brut*; noisettes* 26 %; beurre de cacao*; lait entier en poudre*; cacao en pâte*; crème en poudre*; lait écrémé en poudre*; extrait de vanille Bourbon* *issus de l'agriculture biologique Cacao: au moins 33 %; composants lactés: 18% Peut contenir des traces de gluten; amande; noix de pécan et pistache. Allergenen: Gluten; Melk; Noten Sporen: Noten"
1.0,1.0,2.0,1.0,0.0,1.0,4104420225800.0,"alnatura","Duits: Hafervollkornflocken* 46%; Reissirup; Mandeln* geröstet 6%; Haselnusskerne* geröstet 6%; Agavendicksaft Sonnenblumenöl*; Meersalz. Kann Spuren von Ei; Soja; Milch; anderen Nüssen und Sesam enthalten. Allergenen: Gluten; Sesamzaad Sporen: Eieren; Melk; Sesamzaad; Soja"
1.0,1.0,2.0,1.0,0.0,1.0,4104420225800.0,"migipedia","HAFERVOLLKORNFLOCKEN* 46%; Reissirup*; MANDELN* geröstet 6%; HASELNUSSKERNE* geröstet 6%; Agavendicksaft*; Sonnenblumenöl*; Meersalz *aus biologischer Landwirtschaft. Kann Spuren von Ei; Soja; Milch; anderen Nüssen und Sesam enthalten."
1.0,1.0,2.0,1.0,0.0,1.0,4104420225800.0,"open_food_facts","Duits: Hafervollkornflocken* 46%; Reissirup; Mandeln* geröstet 6%; Haselnusskerne* geröstet 6%; Agavendicksaft Sonnenblumenöl*; Meersalz. Kann Spuren von Ei; Soja; Milch; anderen Nüssen und Sesam enthalten. Allergenen: Gluten; Sesamzaad Sporen: Eieren; Melk; Sesamzaad; Soja"
0.0,0.0,0.0,0.0,0.0,0.0,4104420221710.0,"alnatura","Duits: Mungbohnen"
0.0,0.0,0.0,0.0,0.0,0.0,4104420221710.0,"open_food_facts","Duits: Mungbohnen"
