"eudract_number","healthy_volunteers","elderly","adults","adolescents","children","female","male","protocol_country_code"
"2008-006300-27",0.0,"0","0","0","0","1",1,"NL"
"2005-004599-19",0.0,"0","0","0","0","1",1,"DK"
"2005-004599-19",0.0,"0","0","0","0","1",1,"FR"
"2005-004599-19",0.0,"0","0","0","0","1",1,"PT"
"2005-004599-19",0.0,"0","0","0","0","1",1,"BE"
"2005-004599-19",0.0,"0","0","0","0","1",1,"IT"
"2010-023744-33",0.0,"0","0","0","1","0",1,"GB"
"2010-023744-33",0.0,"0","0","0","1","0",1,"IT"
"2014-000464-17",0.0,"0","0","1","0","1",1,"NL"
"2014-000464-17",0.0,"0","0","1","0","1",1,"BE"
"2014-000464-17",0.0,"0","0","1","0","1",1,"FR"
"2014-000464-17",0.0,"0","0","1","0","1",1,"NO"
"2014-000464-17",0.0,"0","0","1","0","1",1,"PL"
"2014-000464-17",0.0,"0","0","1","0","1",1,"IT"
"2014-000464-17",0.0,"0","0","1","0","1",1,"CZ"
"2011-004539-30",0.0,"0","0","1","0","1",1,"IT"
"2011-004539-30",0.0,"0","0","1","1","1",1,"AT"
"2011-004539-30",0.0,"0","0","1","1","1",1,"NL"
"2013-005373-43",0.0,"0","0","1","1","1",1,"ES"
"2007-007758-70",0.0,"0","0","1","1","1",1,"FR"
"2008-003658-13",0.0,"0","0","1","1","1",1,"LT"
"2008-003658-13",0.0,"0","1","1","1","1",1,"AT"
"2008-003658-13",0.0,"0","1","1","1","1",1,"BE"
"2008-003658-13",0.0,"0","1","1","1","1",1,"DE"
"2008-003658-13",0.0,"0","1","1","1","1",1,"HU"
"2008-003658-13",0.0,"0","1","1","1","1",1,"PL"
"2009-017594-37",0.0,"0","0","1","1","1",1,"DE"
"2009-017594-37",0.0,"0","0","1","1","1",1,"FI"
"2010-019439-37",0.0,"0","0","1","1","1",1,"DE"
"2010-019439-37",0.0,"0","0","1","1","1",1,"GB"
"2010-019439-37",0.0,"0","0","1","1","1",1,"PT"
"2010-019439-37",0.0,"0","0","1","1","1",1,"ES"
"2012-004360-22",0.0,"0","0","1","1","1",1,"FR"
"2012-004360-22",0.0,"0","0","1","1","1",1,"HR"
"2012-004360-22",0.0,"0","0","1","1","1",1,"HU"
"2012-004360-22",0.0,"0","0","1","1","1",1,"IT"
"2012-004360-22",0.0,"0","0","1","1","1",1,"SI"
"2012-004360-22",0.0,"0","0","1","1","1",1,"SK"
"2012-004360-22",0.0,"0","0","1","1","1",1,"GB"
"2012-004360-22",0.0,"0","0","1","1","1",1,"PT"
"2007-005017-19",0.0,"0","0","1","1","1",1,"GB"
"2007-005017-19",0.0,"0","0","1","1","1",1,"NL"
"2007-005017-19",0.0,"0","0","1","1","1",1,"DE"
"2007-005017-19",0.0,"0","0","1","1","1",1,"FR"
"2013-004958-18",0.0,"0","0","1","1","1",1,"LT"
"2013-004958-18",0.0,"0","0","1","1","1",1,"DE"
"2013-004958-18",0.0,"0","0","1","1","1",1,"PT"
"2013-004958-18",0.0,"0","0","1","1","1",1,"FR"
"2013-004958-18",0.0,"0","0","1","1","1",1,"ES"
"2013-004958-18",0.0,"0","0","1","1","1",1,"IT"
"2013-004958-18",0.0,"0","0","1","1","1",1,"GR"
"2012-000171-17",0.0,"0","0","1","1","1",1,"CZ"
"2012-000171-17",0.0,"0","0","1","1","1",1,"HU"
"2008-001252-52",0.0,"0","0","1","1","1",1,"FI"
"2008-001252-52",0.0,"0","0","1","1","1",1,"PL"
"2008-001252-52",0.0,"0","0","1","1","1",1,"HU"
"2008-001252-52",0.0,"0","0","1","1","1",1,"DE"
"2009-011898-33",0.0,"0","0","1","1","1",1,"DE"
"2012-004877-26",0.0,"0","0","1","1","1",1,"PL"
"2012-004877-26",0.0,"0","0","1","1","1",1,"DE"
"2012-004877-26",0.0,"0","0","1","1","1",1,"BE"
"2012-004877-26",0.0,"0","0","1","1","1",1,"CZ"
"2008-004338-26",0.0,"0","1","0","0","0",1,"ES"
"2008-004338-26",0.0,"1","1","0","0","0",1,"GB"
"2010-020122-18",0.0,"0","1","0","0","0",1,"IT"
"2016-003092-22",0.0,"0","1","0","0","0",1,"PL"
"2016-003092-22",0.0,"1","1","0","0","0",1,"BE"
"2012-002215-26",0.0,"0","1","0","0","1",0,"BE"
"2009-017485-23",0.0,"0","1","0","0","1",0,"GB"
"2009-017485-23",0.0,"0","1","0","0","1",1,"BE"
"2010-019287-37",0.0,"0","1","0","0","1",0,"DE"
"2010-019287-37",0.0,"0","1","","","1",0,"ES"
"2010-019287-37",0.0,"0","1","","","1",0,"GB"
"2012-005694-31",0.0,"0","1","0","0","1",1,"SE"
"2012-005694-31",0.0,"0","1","0","0","1",1,"DE"
"2014-003850-15",0.0,"0","1","0","0","1",1,"FR"
"2014-003850-15",0.0,"1","1","0","0","1",1,"GB"
"2014-003850-15",0.0,"1","1","0","0","1",1,"BE"
"2014-003850-15",0.0,"1","1","0","0","1",1,"NL"
"2014-003850-15",0.0,"1","1","0","0","1",1,"SE"
"2014-003850-15",0.0,"1","1","0","0","1",1,"ES"
"2008-007786-23",0.0,"0","1","0","0","1",1,"DE"
"2008-007786-23",0.0,"1","1","","","1",1,"ES"
"2008-007786-23",0.0,"1","1","","","1",1,"CZ"
"2012-003228-19",0.0,"0","1","0","0","1",1,"DE"
"2012-003228-19",0.0,"0","1","0","0","1",1,"PL"
"2012-003228-19",0.0,"0","1","0","0","1",1,"ES"
"2012-003208-10",0.0,"0","1","0","0","1",1,"DE"
"2012-003208-10",0.0,"0","1","0","0","1",1,"PL"
"2012-000442-35",0.0,"0","1","0","0","1",1,"DK"
"2011-004301-24",0.0,"0","1","0","0","1",1,"FR"
"2011-004301-24",0.0,"1","1","0","0","1",1,"DE"
"2006-006852-37",0.0,"0","1","0","0","1",1,"DE"
"2006-006852-37",0.0,"0","1","","","1",1,"BE"
"2006-006852-37",0.0,"0","1","","","1",1,"SK"
"2006-006852-37",0.0,"0","1","","","1",1,"ES"
"2010-024355-85",0.0,"0","1","0","0","1",1,"DE"
"2010-024355-85",0.0,"0","1","0","0","1",1,"CZ"
"2010-024355-85",0.0,"0","1","0","0","1",1,"NL"
"2010-024355-85",0.0,"0","1","0","0","1",1,"IT"
"2010-024355-85",0.0,"0","1","0","0","1",1,"ES"
"2011-000440-22",0.0,"0","1","0","0","1",1,"AT"
"2011-000440-22",0.0,"1","1","0","0","1",1,"CZ"
"2011-000440-22",0.0,"1","1","","","1",1,"SE"
"2011-000440-22",0.0,"1","1","","","1",1,"ES"
"2011-000440-22",0.0,"1","1","","","1",1,"PT"
"2008-008198-73",0.0,"0","1","0","0","1",1,"GB"
"2008-008198-73",0.0,"0","1","0","0","1",1,"NL"
"2016-000285-28",0.0,"0","1","0","0","1",1,"DE"
"2016-000285-28",0.0,"0","1","","","1",1,"IT"
"2010-024311-13",0.0,"0","1","0","0","1",1,"IT"
"2010-024311-13",0.0,"0","1","0","0","1",1,"NL"
"2009-012500-11",0.0,"0","1","0","0","1",1,"SE"
"2009-012500-11",0.0,"0","1","0","0","1",1,"FI"
"2009-012500-11",0.0,"0","1","0","0","1",1,"IT"
"2012-002785-12",0.0,"0","1","0","0","1",1,"SE"
"2012-002785-12",0.0,"0","1","0","0","1",1,"IT"
"2007-000180-13",0.0,"0","1","0","0","1",1,"AT"
"2007-000180-13",0.0,"0","1","0","0","1",1,"DE"
"2013-004494-28",0.0,"0","1","0","0","1",1,"FR"
"2013-004494-28",0.0,"1","1","0","0","1",1,"GB"
"2013-004494-28",0.0,"1","1","0","0","1",1,"DE"
"2013-004494-28",0.0,"1","1","0","0","1",1,"LT"
"2013-004494-28",0.0,"1","1","0","0","1",1,"CZ"
"2013-004494-28",0.0,"1","1","0","0","1",1,"SK"
"2013-003397-27",0.0,"0","1","1","0","1",1,"PL"
"2013-003397-27",0.0,"0","1","1","0","1",1,"HU"
"2011-004868-30",0.0,"0","1","1","1","1",1,"IT"
"2011-004868-30",0.0,"0","1","1","1","1",1,"FI"
"2011-004868-30",0.0,"0","1","1","1","1",1,"BE"
"2011-004868-30",0.0,"0","1","1","1","1",1,"SE"
"2011-004868-30",0.0,"0","1","1","1","1",1,"GB"
"2011-004868-30",0.0,"0","1","1","1","1",1,"AT"
"2011-004868-30",0.0,"0","1","1","1","1",1,"NL"
"2007-001478-10",0.0,"0","1","1","1","1",1,"DE"
"2013-005449-35",0.0,"0","1","1","1","1",1,"IT"
"2013-005449-35",0.0,"0","1","1","1","1",1,"ES"
"2011-004593-29",0.0,"0","1","1","1","1",1,"DE"
"2014-004685-25",0.0,"0","1","1","1","1",1,"FR"
"2014-004685-25",0.0,"0","1","1","1","1",1,"GB"
"2014-004685-25",0.0,"0","1","1","1","1",1,"ES"
"2014-003150-13",0.0,"1","0","0","0","1",1,"DE"
"2015-003482-28",0.0,"1","0","0","0","1",1,"DE"
"2015-003482-28",0.0,"1","0","0","0","1",1,"ES"
"2015-003482-28",0.0,"1","1","0","0","1",1,"AT"
"2015-003482-28",0.0,"1","1","0","0","1",1,"NL"
"2015-003482-28",0.0,"1","1","0","0","1",1,"CZ"
"2013-001284-23",0.0,"1","0","0","0","1",1,"IT"
"2006-001865-41",0.0,"1","0","","","1",1,"AT"
"2006-001865-41",0.0,"1","0","","","1",1,"BE"
"2006-001865-41",0.0,"1","0","","","1",1,"DE"
"2006-001865-41",0.0,"1","0","","","1",1,"SE"
"2006-001865-41",0.0,"1","0","","","1",1,"FR"
"2010-019632-12",0.0,"1","1","0","0","0",1,"DE"
"2013-001790-25",0.0,"1","1","0","0","0",1,"LT"
"2013-001790-25",0.0,"1","1","0","0","0",1,"SK"
"2013-003438-33",0.0,"1","1","0","0","0",1,"PL"
"2013-003438-33",0.0,"1","1","0","0","0",1,"DE"
"2013-003438-33",0.0,"1","1","0","0","0",1,"IT"
"2012-002047-26",0.0,"1","1","0","0","0",1,"GR"
"2012-002047-26",0.0,"1","1","0","0","0",1,"HU"
"2012-002047-26",0.0,"1","1","0","0","0",1,"NL"
"2012-002047-26",0.0,"1","1","0","0","0",1,"ES"
"2006-001822-23",0.0,"1","1","0","0","0",1,"ES"
"2012-000075-16",0.0,"1","1","0","0","0",1,"NO"
"2012-000075-16",0.0,"1","1","0","0","0",1,"IT"
"2012-000075-16",0.0,"1","1","0","0","0",1,"GB"
"2012-000075-16",0.0,"1","1","0","0","0",1,"IE"
"2012-000075-16",0.0,"1","1","0","0","0",1,"BE"
"2012-000075-16",0.0,"1","1","0","0","0",1,"FI"
"2012-000075-16",0.0,"1","1","0","0","0",1,"SE"
"2012-000075-16",0.0,"1","1","0","0","0",1,"AT"
"2012-000075-16",0.0,"1","1","0","0","0",1,"DK"
"2012-000075-16",0.0,"1","1","0","0","0",1,"CZ"
"2008-000701-11",0.0,"1","1","0","0","0",1,"IT"
"2008-000701-11",0.0,"1","1","0","0","0",1,"FI"
"2008-000701-11",0.0,"1","1","0","0","0",1,"DE"
"2008-000701-11",0.0,"1","1","0","0","0",1,"HU"
"2008-000701-11",0.0,"1","1","","","0",1,"GR"
"2008-000701-11",0.0,"1","1","","","0",1,"FR"
"2008-000701-11",0.0,"1","1","","","0",1,"GB"
"2008-003314-97",0.0,"1","1","0","0","0",1,"DK"
"2008-003314-97",0.0,"1","1","0","0","0",1,"AT"
"2008-003314-97",0.0,"1","1","0","0","0",1,"CZ"
"2008-003314-97",0.0,"1","1","0","0","0",1,"HU"
"2008-003314-97",0.0,"1","1","","","0",1,"FR"
"2008-003314-97",0.0,"1","1","","","0",1,"ES"
"2009-016217-23",0.0,"1","1","0","0","0",1,"SE"
"2009-016217-23",0.0,"1","1","0","0","0",1,"CZ"
"2009-016217-23",0.0,"1","1","0","0","0",1,"IT"
"2012-004322-24",0.0,"1","1","0","0","0",1,"BE"
"2012-004322-24",0.0,"1","1","0","0","0",1,"DK"
"2012-004322-24",0.0,"1","1","0","0","0",1,"SE"
"2012-004322-24",0.0,"1","1","0","0","0",1,"PL"
"2012-004322-24",0.0,"1","1","0","0","0",1,"IT"
"2013-003046-17",0.0,"1","1","0","0","0",1,"FI"
"2013-003046-17",0.0,"1","1","0","0","0",1,"ES"
"2013-003118-42",0.0,"1","1","0","0","0",1,"GB"
"2013-003118-42",0.0,"1","1","0","0","0",1,"SE"
"2013-003118-42",0.0,"1","1","0","0","0",1,"IT"
"2008-007969-23",0.0,"1","1","0","0","0",1,"GR"
"2008-007969-23",0.0,"1","1","0","0","0",1,"BE"
"2008-007969-23",0.0,"1","1","0","0","0",1,"AT"
"2008-007969-23",0.0,"1","1","0","0","0",1,"CZ"
"2008-007969-23",0.0,"1","1","0","0","0",1,"GB"
"2008-007969-23",0.0,"1","1","0","0","0",1,"NL"
"2008-007969-23",0.0,"1","1","0","0","0",1,"SE"
"2008-007969-23",0.0,"1","1","","","0",1,"ES"
"2010-023775-25",0.0,"1","1","0","0","0",1,"CZ"
"2010-023775-25",0.0,"1","1","0","0","0",1,"GB"
"2010-023775-25",0.0,"1","1","0","0","0",1,"LT"
"2010-023775-25",0.0,"1","1","0","0","0",1,"LV"
"2010-023775-25",0.0,"1","1","","","0",1,"ES"
"2008-000536-40",0.0,"1","1","0","0","0",1,"FR"
"2008-000536-40",0.0,"1","1","0","0","0",1,"BE"
"2008-000536-40",0.0,"1","1","0","0","0",1,"DE"
"2013-003820-36",0.0,"1","1","0","0","0",1,"SE"
"2013-003820-36",0.0,"1","1","0","0","0",1,"HU"
"2013-003820-36",0.0,"1","1","0","0","0",1,"LV"
"2013-003820-36",0.0,"1","1","0","0","0",1,"GB"
"2013-003820-36",0.0,"1","1","0","0","0",1,"LT"
"2013-003820-36",0.0,"1","1","0","0","0",1,"PL"
"2013-003820-36",0.0,"1","1","0","0","0",1,"CZ"
"2013-003820-36",0.0,"1","1","0","0","0",1,"BE"
"2010-021287-16",0.0,"1","1","0","0","0",1,"BE"
"2010-021287-16",0.0,"1","1","0","0","0",1,"CZ"
"2007-003227-20",0.0,"1","1","0","0","0",1,"DE"
"2007-003227-20",0.0,"1","1","0","0","0",1,"GB"
"2007-003227-20",0.0,"1","1","0","0","0",1,"SE"
"2007-003227-20",0.0,"1","1","0","0","0",1,"IT"
"2012-000566-38",0.0,"1","1","0","0","0",1,"DE"
"2012-000566-38",0.0,"1","1","0","0","0",1,"FR"
"2012-000566-38",0.0,"1","1","0","0","0",1,"IT"
"2012-000566-38",0.0,"1","1","0","0","0",1,"BE"
"2006-002072-18",0.0,"1","1","0","0","0",1,"IT"
"2006-002072-18",0.0,"1","1","","","0",1,"SK"
"2006-002072-18",0.0,"1","1","","","0",1,"BE"
"2006-002072-18",0.0,"1","1","","","0",1,"CZ"
"2006-002072-18",0.0,"1","1","","","0",1,"DE"
"2006-002072-18",0.0,"1","1","","","0",1,"DK"
"2006-002072-18",0.0,"1","1","","","0",1,"HU"
"2006-002072-18",0.0,"1","1","","","0",1,"PT"
"2006-002072-18",0.0,"1","1","","","0",1,"FR"
"2008-001212-20",0.0,"1","1","0","0","0",1,"DE"
"2008-001212-20",0.0,"1","1","0","0","0",1,"SK"
"2008-001212-20",0.0,"1","1","0","0","0",1,"IT"
"2008-001212-20",0.0,"","","","","0",1,"FR"
"2008-001211-37",0.0,"1","1","0","0","0",1,"BE"
"2008-001211-37",0.0,"1","1","0","0","0",1,"GB"
"2008-001211-37",0.0,"1","1","","","0",1,"NL"
"2016-002057-38",0.0,"1","1","0","0","0",1,"FR"
"2016-002057-38",0.0,"1","1","0","0","0",1,"SE"
"2016-002057-38",0.0,"1","1","0","0","0",1,"BE"
"2016-002057-38",0.0,"1","1","0","0","0",1,"ES"
"2012-002814-38",0.0,"1","1","0","0","0",1,"PT"
"2012-002814-38",0.0,"1","1","0","0","0",1,"AT"
"2012-002814-38",0.0,"1","1","0","0","0",1,"DK"
"2012-002814-38",0.0,"1","1","0","0","0",1,"GB"
"2012-002814-38",0.0,"1","1","0","0","0",1,"HU"
"2012-002814-38",0.0,"1","1","0","0","0",1,"BE"
"2012-002814-38",0.0,"1","1","0","0","0",1,"ES"
"2012-002814-38",0.0,"1","1","0","0","0",1,"FR"
"2012-002814-38",0.0,"1","1","0","0","0",1,"HR"
"2012-002814-38",0.0,"1","1","0","0","0",1,"CZ"
"2013-004711-50",0.0,"1","1","0","0","0",1,"CZ"
"2013-004711-50",0.0,"1","1","0","0","0",1,"SE"
"2013-004711-50",0.0,"1","1","0","0","0",1,"NL"
"2013-004711-50",0.0,"1","1","0","0","0",1,"ES"
"2013-004711-50",0.0,"1","1","0","0","0",1,"PL"
"2009-018015-11",0.0,"1","1","0","0","0",1,"CZ"
"2009-018015-11",0.0,"1","1","0","0","0",1,"IT"
"2010-022064-12",0.0,"1","1","0","0","0",1,"IT"
"2010-022064-12",0.0,"1","1","","","0",1,"DE"
"2010-022064-12",0.0,"1","1","","","0",1,"DK"
"2010-022064-12",0.0,"1","1","","","0",1,"FI"
"2010-022064-12",0.0,"1","1","","","0",1,"PT"
"2010-022064-12",0.0,"1","1","","","0",1,"PL"
"2010-022064-12",0.0,"1","1","","","0",1,"CZ"
"2010-022163-35",0.0,"1","1","0","0","0",1,"PL"
"2010-022163-35",0.0,"1","1","0","0","0",1,"GB"
"2010-022163-35",0.0,"1","1","0","0","0",1,"FR"
"2010-022163-35",0.0,"1","1","","","0",1,"ES"
"2012-004331-23",0.0,"1","1","0","0","0",1,"BE"
"2012-004331-23",0.0,"1","1","0","0","0",1,"DE"
"2012-004331-23",0.0,"1","1","0","0","0",1,"HU"
"2012-001834-33",0.0,"1","1","0","0","0",1,"BE"
"2012-001834-33",0.0,"1","1","0","0","0",1,"AT"
"2012-001834-33",0.0,"1","1","0","0","0",1,"DE"
"2012-001834-33",0.0,"1","1","0","0","0",1,"GB"
"2012-001834-33",0.0,"1","1","0","0","0",1,"IE"
"2012-001834-33",0.0,"1","1","0","0","0",1,"NL"
"2012-001834-33",0.0,"1","1","0","0","0",1,"ES"
"2015-003644-40",0.0,"1","1","0","0","0",1,"NL"
"2015-003644-40",0.0,"1","1","0","0","0",1,"FI"
"2015-003644-40",0.0,"1","1","0","0","0",1,"FR"
"2014-002987-34",0.0,"1","1","0","0","0",1,"ES"
"2012-002940-26",0.0,"1","1","0","0","0",1,"HU"
"2012-002940-26",0.0,"1","1","0","0","0",1,"BG"
"2012-002940-26",0.0,"1","1","0","0","0",1,"NL"
"2012-002940-26",0.0,"1","1","0","0","0",1,"CZ"
"2012-002940-26",0.0,"1","1","0","0","0",1,"FI"
"2012-002940-26",0.0,"1","1","0","0","0",1,"DK"
"2012-002940-26",0.0,"1","1","0","0","0",1,"FR"
"2012-002940-26",0.0,"1","1","0","0","0",1,"ES"
"2012-002940-26",0.0,"1","1","0","0","0",1,"IT"
"2015-002590-38",0.0,"1","1","0","0","0",1,"FI"
"2015-002590-38",0.0,"1","1","0","0","0",1,"SE"
"2015-002590-38",0.0,"1","1","0","0","0",1,"DE"
"2015-002590-38",0.0,"1","1","0","0","0",1,"PL"
"2015-000735-32",0.0,"1","1","0","0","0",1,"ES"
"2015-003869-28",0.0,"1","1","0","0","0",1,"ES"
"2015-003869-28",0.0,"1","1","0","0","0",1,"GB"
"2015-003869-28",0.0,"1","1","0","0","0",1,"NL"
"2015-003869-28",0.0,"1","1","0","0","0",1,"SK"
"2015-003869-28",0.0,"1","1","","","0",1,"IT"
"2013-002271-17",0.0,"1","1","0","0","0",1,"GB"
"2013-002271-17",0.0,"1","1","0","0","0",1,"DE"
"2010-023586-22",0.0,"1","1","0","0","0",1,"DE"
"2012-002250-23",0.0,"1","1","0","0","0",1,"ES"
"2006-006913-34",0.0,"1","1","0","0","0",1,"NL"
"2006-006913-34",0.0,"1","1","","","0",1,"DE"
"2006-006913-34",0.0,"1","1","","","0",1,"CZ"
"2006-004756-20",0.0,"1","1","0","0","0",1,"IT"
"2006-004756-20",0.0,"1","1","","","0",1,"CZ"
"2006-004756-20",0.0,"1","1","","","0",1,"DE"
"2006-004756-20",0.0,"1","1","","","0",1,"BE"
"2006-004756-20",0.0,"1","1","","","0",1,"DK"
"2006-004756-20",0.0,"1","1","","","0",1,"ES"
"2014-000222-38",0.0,"1","1","0","0","0",1,"FR"
"2014-000222-38",0.0,"1","1","0","0","0",1,"DE"
"2014-000222-38",0.0,"1","1","0","0","0",1,"CZ"
"2010-021434-55",0.0,"1","1","0","0","0",1,"CZ"
"2010-021434-55",0.0,"1","1","0","0","0",1,"HU"
"2008-000585-22",0.0,"1","1","0","0","0",1,"DE"
"2008-005232-33",0.0,"1","1","0","0","0",1,"GB"
"2008-005232-33",0.0,"1","1","0","0","0",1,"GR"
"2008-005232-33",0.0,"1","1","0","0","0",1,"FR"
"2008-008004-41",0.0,"1","1","0","0","0",1,"GB"
"2008-008004-41",0.0,"1","1","0","0","0",1,"GR"
"2008-008004-41",0.0,"1","1","0","0","0",1,"NL"
"2008-008004-41",0.0,"1","1","0","0","0",1,"DE"
"2008-008004-41",0.0,"1","1","0","0","0",1,"BE"
"2010-023763-17",0.0,"1","1","0","0","1",0,"BE"
"2010-023763-17",0.0,"1","1","0","0","1",0,"DE"
"2010-023763-17",0.0,"1","1","0","0","1",0,"DK"
"2010-023763-17",0.0,"1","1","0","0","1",0,"IT"
"2008-006831-10",0.0,"1","1","0","0","1",0,"IT"
"2008-006831-10",0.0,"1","1","0","0","1",0,"BE"
"2008-006831-10",0.0,"1","1","0","0","1",0,"NL"
"2008-006831-10",0.0,"1","1","0","0","1",0,"SE"
"2008-006831-10",0.0,"1","1","0","0","1",0,"SK"
"2008-006831-10",0.0,"1","1","","","1",0,"DE"
"2008-006831-10",0.0,"1","1","","","1",0,"FR"
"2013-001323-38",0.0,"1","1","0","0","1",0,"DE"
"2013-001323-38",0.0,"1","1","0","0","1",0,"CZ"
"2013-001322-26",0.0,"1","1","0","0","1",0,"PL"
"2013-001322-26",0.0,"1","1","0","0","1",0,"DE"
"2013-001322-26",0.0,"1","1","0","0","1",0,"CZ"
"2008-006801-17",0.0,"1","1","0","0","1",0,"BE"
"2008-006801-17",0.0,"1","1","","","1",0,"FR"
"2008-006801-17",0.0,"1","1","","","1",0,"NL"
"2008-006801-17",0.0,"1","1","","","1",0,"GB"
"2008-006801-17",0.0,"1","1","","","1",0,"ES"
"2015-003400-24",0.0,"1","1","0","0","1",0,"GR"
"2013-000895-14",0.0,"1","1","0","0","1",0,"LV"
"2013-000895-14",0.0,"1","1","0","0","1",0,"SE"
"2013-000895-14",0.0,"1","1","0","0","1",0,"HU"
"2013-000895-14",0.0,"1","1","0","0","1",0,"DE"
"2013-000895-14",0.0,"1","1","0","0","1",0,"CZ"
"2008-005215-17",0.0,"1","1","0","0","1",0,"DE"
"2008-005215-17",0.0,"1","1","0","0","1",0,"FR"
"2008-005215-17",0.0,"1","1","0","0","1",0,"BE"
"2008-005215-17",0.0,"1","1","0","0","1",0,"BG"
"2008-005215-17",0.0,"1","1","0","0","1",0,"CZ"
"2008-005215-17",0.0,"1","1","0","0","1",0,"GB"
"2008-005215-17",0.0,"1","1","","","1",0,"SK"
"2008-005215-17",0.0,"1","1","","","1",0,"ES"
"2014-002249-22",0.0,"1","1","0","0","1",0,"DE"
"2009-015476-98",0.0,"1","1","0","0","1",0,"IT"
"2009-015476-98",0.0,"1","1","0","0","1",0,"NO"
"2009-015476-98",0.0,"1","1","0","0","1",0,"AT"
"2009-015476-98",0.0,"1","1","0","0","1",0,"BE"
"2009-015476-98",0.0,"1","1","0","0","1",0,"FR"
"2009-015476-98",0.0,"1","1","","","1",0,"ES"
"2013-003868-31",0.0,"1","1","0","0","1",0,"BE"
"2013-003868-31",0.0,"1","1","0","0","1",0,"DE"
"2013-002755-15",0.0,"1","1","0","0","1",0,"BE"
"2013-000277-72",0.0,"1","1","0","0","1",0,"IT"
"2013-000277-72",0.0,"1","1","0","0","1",0,"BE"
"2013-000277-72",0.0,"1","1","0","0","1",0,"DE"
"2013-000277-72",0.0,"1","1","0","0","1",0,"DK"
"2013-000277-72",0.0,"1","1","0","0","1",0,"SE"
"2009-017946-30",0.0,"1","1","0","0","1",0,"DE"
"2009-017946-30",0.0,"1","1","0","0","1",0,"AT"
"2009-017946-30",0.0,"1","1","0","0","1",0,"BE"
"2009-017946-30",0.0,"1","1","0","0","1",0,"DK"
"2009-017946-30",0.0,"1","1","0","0","1",0,"HU"
"2009-017946-30",0.0,"1","1","0","0","1",0,"LV"
"2009-017946-30",0.0,"1","1","0","0","1",0,"SK"
"2009-017946-30",0.0,"1","1","0","0","1",0,"GR"
"2011-005975-17",0.0,"1","1","0","0","1",0,"ES"
"2011-005975-17",0.0,"1","1","0","0","1",0,"AT"
"2011-005975-17",0.0,"1","1","0","0","1",0,"SE"
"2011-005018-13",0.0,"1","1","0","0","1",1,"DE"
"2011-005018-13",0.0,"1","1","0","0","1",1,"GB"
"2012-003112-31",0.0,"1","1","0","0","1",1,"FR"
"2012-003112-31",0.0,"1","1","0","0","1",1,"GB"
"2011-000756-42",0.0,"1","1","0","0","1",1,"DE"
"2011-000756-42",0.0,"1","1","0","0","1",1,"IT"
"2014-004036-19",0.0,"1","1","0","0","1",1,"DE"
"2013-000068-27",0.0,"1","1","0","0","1",1,"DE"
"2013-000068-27",0.0,"1","1","0","0","1",1,"NL"
"2013-002513-35",0.0,"1","1","0","0","1",1,"PT"
"2013-002513-35",0.0,"1","1","0","0","1",1,"LT"
"2013-002513-35",0.0,"1","1","0","0","1",1,"BG"
"2013-002513-35",0.0,"1","1","0","0","1",1,"DK"
"2013-002513-35",0.0,"1","1","0","0","1",1,"SK"
"2013-002513-35",0.0,"1","1","0","0","1",1,"PL"
"2013-002513-35",0.0,"1","1","0","0","1",1,"IS"
"2013-002513-35",0.0,"1","1","0","0","1",1,"LV"
"2013-002513-35",0.0,"1","1","0","0","1",1,"CZ"
"2013-002513-35",0.0,"1","1","0","0","1",1,"SI"
"2013-002513-35",0.0,"1","1","0","0","1",1,"HR"
"2014-001486-27",0.0,"1","1","0","0","1",1,"BG"
"2014-001486-27",0.0,"1","1","0","0","1",1,"DE"
"2014-001486-27",0.0,"1","1","0","0","1",1,"PT"
"2014-000907-29",0.0,"1","1","0","0","1",1,"BG"
"2006-004024-37",0.0,"1","1","0","0","1",1,"DK"
"2006-004024-37",0.0,"1","1","0","0","1",1,"IE"
"2006-004024-37",0.0,"1","1","0","0","1",1,"PL"
"2006-004024-37",0.0,"1","1","0","0","1",1,"SK"
"2006-004024-37",0.0,"1","1","0","0","1",1,"GB"
"2006-004024-37",0.0,"1","1","0","0","1",1,"CZ"
"2006-004024-37",0.0,"1","1","0","0","1",1,"IT"
"2006-004024-37",0.0,"1","1","","","1",1,"ES"
"2006-004024-37",0.0,"1","1","","","1",1,"FR"
"2013-000322-66",0.0,"1","1","0","0","1",1,"SE"
"2013-000322-66",0.0,"1","1","0","0","1",1,"AT"
"2013-000322-66",0.0,"1","1","0","0","1",1,"BE"
"2013-000322-66",0.0,"1","1","0","0","1",1,"FR"
"2013-000322-66",0.0,"1","1","0","0","1",1,"HR"
"2013-000322-66",0.0,"1","1","0","0","1",1,"IT"
"2008-004758-34",0.0,"1","1","0","0","1",1,"CZ"
"2008-004758-34",0.0,"1","1","","","1",1,"DE"
"2008-004758-34",0.0,"1","1","","","1",1,"GB"
"2008-004758-34",0.0,"1","1","","","1",1,"SK"
"2008-004758-34",0.0,"","","","","1",1,"FR"
"2008-004758-34",0.0,"","","","","1",1,"HU"
"2008-004758-34",0.0,"","","","","1",1,"NL"
"2008-006954-17",0.0,"1","1","0","0","1",1,"AT"
"2008-006954-17",0.0,"1","1","0","0","1",1,"SE"
"2008-006954-17",0.0,"1","1","0","0","1",1,"DE"
"2008-006954-17",0.0,"1","1","0","0","1",1,"IT"
"2008-006954-17",0.0,"1","1","","","1",1,"FR"
"2008-006954-17",0.0,"1","1","","","1",1,"NL"
"2011-002257-61",0.0,"1","1","0","0","1",1,"GB"
"2011-002257-61",0.0,"1","1","0","0","1",1,"IT"
"2008-005084-34",0.0,"1","1","0","0","1",1,"BE"
"2008-005084-34",0.0,"1","1","0","0","1",1,"DE"
"2008-005084-34",0.0,"1","1","0","0","1",1,"IT"
"2008-005084-34",0.0,"1","1","","","1",1,"GR"
"2008-005084-34",0.0,"1","1","","","1",1,"ES"
"2008-005084-34",0.0,"1","1","","","1",1,"FR"
"2009-013435-38",0.0,"1","1","0","0","1",1,"NL"
"2009-013435-38",0.0,"1","1","0","0","1",1,"IT"
"2009-013435-38",0.0,"1","1","0","0","1",1,"CZ"
"2009-013435-38",0.0,"1","1","","","1",1,"GR"
"2009-013435-38",0.0,"1","1","","","1",1,"BE"
"2011-002843-92",0.0,"1","1","0","0","1",1,"AT"
"2011-002843-92",0.0,"1","1","0","0","1",1,"BE"
"2011-002843-92",0.0,"1","1","0","0","1",1,"DE"
"2011-002843-92",0.0,"1","1","0","0","1",1,"IT"
"2011-002843-92",0.0,"1","1","0","0","1",1,"ES"
"2016-000588-17",0.0,"1","1","0","0","1",1,"HU"
"2016-000588-17",0.0,"1","1","0","0","1",1,"ES"
"2011-004396-36",0.0,"1","1","0","0","1",1,"NL"
"2011-002887-26",0.0,"1","1","0","0","1",1,"GR"
"2011-002887-26",0.0,"1","1","0","0","1",1,"GB"
"2011-002887-26",0.0,"1","1","0","0","1",1,"DE"
"2011-002887-26",0.0,"1","1","0","0","1",1,"PL"
"2011-002887-26",0.0,"1","1","0","0","1",1,"AT"
"2011-002887-26",0.0,"1","1","0","0","1",1,"HU"
"2011-002887-26",0.0,"1","1","0","0","1",1,"NL"
"2011-002887-26",0.0,"1","1","0","0","1",1,"ES"
"2011-002887-26",0.0,"1","1","0","0","1",1,"IT"
"2012-004349-34",0.0,"1","1","0","0","1",1,"GB"
"2012-004349-34",0.0,"1","1","0","0","1",1,"AT"
"2012-004349-34",0.0,"1","1","0","0","1",1,"NL"
"2012-004349-34",0.0,"1","1","0","0","1",1,"PL"
"2012-004349-34",0.0,"1","1","0","0","1",1,"ES"
"2012-004349-34",0.0,"1","1","0","0","1",1,"HU"
"2012-004349-34",0.0,"1","1","0","0","1",1,"SI"
"2014-003878-16",0.0,"1","1","0","0","1",1,"PL"
"2014-003878-16",0.0,"1","1","0","0","1",1,"HU"
"2014-003878-16",0.0,"1","1","0","0","1",1,"ES"
"2014-003878-16",0.0,"1","1","0","0","1",1,"HR"
"2014-003878-16",0.0,"1","1","0","0","1",1,"SK"
"2014-003878-16",0.0,"1","1","","","1",1,"IT"
"2009-016047-19",0.0,"1","1","0","0","1",1,"CZ"
"2009-016047-19",0.0,"1","1","0","0","1",1,"DE"
"2013-003156-21",0.0,"1","1","0","0","1",1,"AT"
"2013-003156-21",0.0,"1","1","0","0","1",1,"PL"
"2013-003156-21",0.0,"1","1","0","0","1",1,"IT"
"2014-001750-42",0.0,"1","1","0","0","1",1,"DE"
"2014-001750-42",0.0,"1","1","0","0","1",1,"FI"
"2014-001750-42",0.0,"1","1","0","0","1",1,"AT"
"2014-001750-42",0.0,"1","1","0","0","1",1,"BE"
"2014-001750-42",0.0,"1","1","0","0","1",1,"IE"
"2014-001750-42",0.0,"1","1","0","0","1",1,"PL"
"2014-001750-42",0.0,"1","1","0","0","1",1,"SE"
"2014-001750-42",0.0,"1","1","0","0","1",1,"DK"
"2014-001750-42",0.0,"1","1","0","0","1",1,"CZ"
"2008-000879-26",0.0,"1","1","0","0","1",1,"IT"
"2008-000879-26",0.0,"1","1","","","1",1,"DE"
"2008-000879-26",0.0,"1","1","","","1",1,"GB"
"2008-000879-26",0.0,"1","1","","","1",1,"FR"
"2013-003167-58",0.0,"1","1","0","0","1",1,"PL"
"2013-003167-58",0.0,"1","1","0","0","1",1,"DE"
"2013-003167-58",0.0,"1","1","0","0","1",1,"GB"
"2013-003167-58",0.0,"1","1","0","0","1",1,"ES"
"2013-003167-58",0.0,"1","1","0","0","1",1,"RO"
"2015-002505-11",0.0,"1","1","0","0","1",1,"BE"
"2015-002505-11",0.0,"1","1","0","0","1",1,"NL"
"2015-002505-11",0.0,"1","1","0","0","1",1,"ES"
"2014-003231-19",0.0,"1","1","0","0","1",1,"FI"
"2014-003231-19",0.0,"1","1","0","0","1",1,"HU"
"2014-003231-19",0.0,"1","1","0","0","1",1,"PL"
"2014-003231-19",0.0,"1","1","0","0","1",1,"PT"
"2014-003231-19",0.0,"1","1","0","0","1",1,"SE"
"2014-003231-19",0.0,"1","1","0","0","1",1,"AT"
"2014-003231-19",0.0,"1","1","0","0","1",1,"GR"
"2014-003231-19",0.0,"1","1","0","0","1",1,"IT"
"2014-003231-19",0.0,"1","1","0","0","1",1,"RO"
"2014-003231-19",0.0,"1","1","0","0","1",1,"SI"
"2013-001192-21",0.0,"1","1","0","0","1",1,"IT"
"2013-001192-21",0.0,"1","1","0","0","1",1,"DE"
"2013-001192-21",0.0,"1","1","0","0","1",1,"HU"
"2013-001193-14",0.0,"1","1","0","0","1",1,"ES"
"2013-001193-14",0.0,"1","1","0","0","1",1,"HU"
"2013-001193-14",0.0,"1","1","0","0","1",1,"PL"
"2011-002871-40",0.0,"1","1","0","0","1",1,"DE"
"2011-002871-40",0.0,"1","1","0","0","1",1,"PL"
"2005-004944-30",0.0,"1","1","0","0","1",1,"DE"
"2013-001497-16",0.0,"1","1","0","0","1",1,"BE"
"2013-001497-16",0.0,"1","1","0","0","1",1,"BG"
"2013-001497-16",0.0,"1","1","0","0","1",1,"GB"
"2012-001525-27",0.0,"1","1","0","0","1",1,"BG"
"2012-001525-27",0.0,"1","1","0","0","1",1,"AT"
"2009-017374-20",0.0,"1","1","0","0","1",1,"DE"
"2013-003492-35",0.0,"1","1","0","0","1",1,"DE"
"2013-005486-39",0.0,"1","1","0","0","1",1,"IT"
"2013-005486-39",0.0,"1","1","0","0","1",1,"DE"
"2013-005486-39",0.0,"1","1","0","0","1",1,"NL"
"2013-005486-39",0.0,"1","1","0","0","1",1,"ES"
"2012-003008-11",0.0,"1","1","0","0","1",1,"BE"
"2012-003008-11",0.0,"1","1","0","0","1",1,"GB"
"2012-003008-11",0.0,"1","1","0","0","1",1,"SE"
"2012-003008-11",0.0,"1","1","0","0","1",1,"DE"
"2012-003008-11",0.0,"1","1","0","0","1",1,"CZ"
"2011-003130-14",0.0,"1","1","0","0","1",1,"HU"
"2011-003130-14",0.0,"1","1","0","0","1",1,"GB"
"2012-003387-43",0.0,"1","1","0","0","1",1,"DE"
"2012-003387-43",0.0,"1","1","0","0","1",1,"GB"
"2012-003387-43",0.0,"1","1","0","0","1",1,"FR"
"2015-004572-30",0.0,"1","1","0","0","1",1,"GB"
"2015-004572-30",0.0,"1","1","0","0","1",1,"ES"
"2015-004572-30",0.0,"1","1","0","0","1",1,"FR"
"2011-004237-14",0.0,"1","1","0","0","1",1,"AT"
"2011-004237-14",0.0,"1","1","0","0","1",1,"DE"
"2011-004237-14",0.0,"1","1","0","0","1",1,"GB"
"2011-002715-28",0.0,"1","1","0","0","1",1,"IT"
"2011-005422-21",0.0,"1","1","0","0","1",1,"NL"
"2011-005422-21",0.0,"1","1","0","0","1",1,"SE"
"2011-005422-21",0.0,"1","1","0","0","1",1,"IT"
"2012-003533-41",0.0,"1","1","0","0","1",1,"PT"
"2012-003533-41",0.0,"1","1","0","0","1",1,"AT"
"2012-003533-41",0.0,"1","1","0","0","1",1,"HU"
"2012-003533-41",0.0,"1","1","0","0","1",1,"ES"
"2012-003533-41",0.0,"1","1","0","0","1",1,"IT"
"2012-004027-20",0.0,"1","1","0","0","1",1,"DE"
"2012-004027-20",0.0,"1","1","0","0","1",1,"PL"
"2012-003499-37",0.0,"1","1","0","0","1",1,"IT"
"2010-024262-22",0.0,"1","1","0","0","1",1,"CZ"
"2013-002522-23",0.0,"1","1","0","0","1",1,"NL"
"2011-005836-25",0.0,"1","1","0","0","1",1,"BE"
"2011-005836-25",0.0,"1","1","0","0","1",1,"AT"
"2011-005836-25",0.0,"1","1","0","0","1",1,"FI"
"2011-005836-25",0.0,"1","1","0","0","1",1,"HU"
"2011-005836-25",0.0,"1","1","0","0","1",1,"PT"
"2011-005836-25",0.0,"1","1","0","0","1",1,"SE"
"2011-005836-25",0.0,"1","1","0","0","1",1,"PL"
"2011-005836-25",0.0,"1","1","0","0","1",1,"GR"
"2011-006041-14",0.0,"1","1","0","0","1",1,"PL"
"2011-005722-21",0.0,"1","1","0","0","1",1,"BG"
"2011-005722-21",0.0,"1","1","0","0","1",1,"GB"
"2011-005722-21",0.0,"1","1","0","0","1",1,"DE"
"2011-005722-21",0.0,"1","1","0","0","1",1,"CZ"
"2011-005722-21",0.0,"1","1","0","0","1",1,"IT"
"2013-002902-29",0.0,"1","1","0","0","1",1,"BE"
"2013-002902-29",0.0,"1","1","0","0","1",1,"ES"
"2013-004766-34",0.0,"1","1","0","0","1",1,"AT"
"2013-004766-34",0.0,"1","1","0","0","1",1,"NL"
"2013-004766-34",0.0,"1","1","0","0","1",1,"GB"
"2013-004766-34",0.0,"1","1","0","0","1",1,"IT"
"2013-004766-34",0.0,"1","1","0","0","1",1,"ES"
"2012-002916-16",0.0,"1","1","0","0","1",1,"BE"
"2012-002916-16",0.0,"1","1","0","0","1",1,"DK"
"2012-000726-21",0.0,"1","1","0","0","1",1,"BG"
"2012-000726-21",0.0,"1","1","0","0","1",1,"CZ"
"2012-000726-21",0.0,"1","1","0","0","1",1,"DE"
"2012-000726-21",0.0,"1","1","0","0","1",1,"BE"
"2012-000726-21",0.0,"1","1","0","0","1",1,"ES"
"2012-002839-28",0.0,"1","1","0","0","1",1,"BG"
"2012-002839-28",0.0,"1","1","0","0","1",1,"GB"
"2013-004392-12",0.0,"1","1","0","0","1",1,"GB"
"2013-004392-12",0.0,"1","1","0","0","1",1,"SI"
"2013-004392-12",0.0,"1","1","0","0","1",1,"SK"
"2012-004179-38",0.0,"1","1","0","0","1",1,"AT"
"2012-004179-38",0.0,"1","1","0","0","1",1,"BG"
"2012-004179-38",0.0,"1","1","0","0","1",1,"DK"
"2012-004179-38",0.0,"1","1","0","0","1",1,"SE"
"2012-004179-38",0.0,"1","1","0","0","1",1,"NL"
"2012-004179-38",0.0,"1","1","0","0","1",1,"HU"
"2012-004179-38",0.0,"1","1","0","0","1",1,"CZ"
"2012-004179-38",0.0,"1","1","0","0","1",1,"IT"
"2012-005848-21",0.0,"1","1","0","0","1",1,"IT"
"2012-005848-21",0.0,"1","1","0","0","1",1,"SK"
"2012-005848-21",0.0,"1","1","0","0","1",1,"AT"
"2012-005848-21",0.0,"1","1","0","0","1",1,"CZ"
"2012-005848-21",0.0,"1","1","0","0","1",1,"DK"
"2012-005848-21",0.0,"1","1","0","0","1",1,"FI"
"2012-005848-21",0.0,"1","1","0","0","1",1,"IE"
"2012-005848-21",0.0,"1","1","0","0","1",1,"GB"
"2012-005848-21",0.0,"1","1","0","0","1",1,"NL"
"2012-005848-21",0.0,"1","1","0","0","1",1,"PT"
"2012-005848-21",0.0,"1","1","0","0","1",1,"ES"
"2009-012007-25",0.0,"1","1","0","0","1",1,"IT"
"2009-012007-25",0.0,"1","1","0","0","1",1,"SK"
"2009-012007-25",0.0,"1","1","","","1",1,"BG"
"2009-012007-25",0.0,"1","1","","","1",1,"DK"
"2009-012007-25",0.0,"1","1","","","1",1,"SE"
"2009-012007-25",0.0,"1","1","","","1",1,"GB"
"2013-000423-14",0.0,"1","1","0","0","1",1,"DK"
"2013-000423-14",0.0,"1","1","0","0","1",1,"DE"
"2013-000423-14",0.0,"1","1","0","0","1",1,"SE"
"2013-000423-14",0.0,"1","1","0","0","1",1,"FR"
"2008-000498-40",0.0,"1","1","0","0","1",1,"IT"
"2008-000498-40",0.0,"1","1","","","1",1,"AT"
"2008-000498-40",0.0,"1","1","","","1",1,"DE"
"2008-000498-40",0.0,"1","1","","","1",1,"CZ"
"2008-000498-40",0.0,"1","1","","","1",1,"ES"
"2012-003788-23",0.0,"1","1","0","0","1",1,"GB"
"2007-003793-26",0.0,"1","1","0","0","1",1,"IT"
"2007-003793-26",0.0,"1","1","","","1",1,"ES"
"2007-003793-26",0.0,"1","1","","","1",1,"FR"
"2007-003793-26",0.0,"1","1","","","1",1,"NL"
"2007-003793-26",0.0,"1","1","","","1",1,"DE"
"2007-003793-26",0.0,"1","1","","","1",1,"BE"
"2007-003793-26",0.0,"1","1","","","1",1,"PT"
"2015-004936-36",0.0,"1","1","0","0","1",1,"BE"
"2015-004936-36",0.0,"1","1","0","0","1",1,"IE"
"2015-004936-36",0.0,"1","1","0","0","1",1,"AT"
"2015-004936-36",0.0,"1","1","0","0","1",1,"DK"
"2015-004936-36",0.0,"1","1","0","0","1",1,"FI"
"2016-001018-76",0.0,"1","1","0","0","1",1,"GB"
"2016-001018-76",0.0,"1","1","0","0","1",1,"HU"
"2016-001018-76",0.0,"1","1","0","0","1",1,"DE"
"2016-001018-76",0.0,"1","1","0","0","1",1,"CZ"
"2014-000106-35",0.0,"1","1","0","0","1",1,"PT"
"2014-000106-35",0.0,"1","1","0","0","1",1,"HU"
"2014-000106-35",0.0,"1","1","0","0","1",1,"FR"
"2014-000106-35",0.0,"1","1","0","0","1",1,"IT"
"2014-000106-35",0.0,"1","1","0","0","1",1,"ES"
"2011-005539-22",0.0,"1","1","0","0","1",1,"GB"
"2011-005539-22",0.0,"1","1","0","0","1",1,"ES"
"2011-005539-22",0.0,"1","1","0","0","1",1,"IT"
"2005-003484-23",0.0,"1","1","0","0","1",1,"DE"
"2010-022579-68",0.0,"1","1","0","0","1",1,"DE"
"2011-003179-12",0.0,"1","1","0","0","1",1,"DE"
"2013-004813-41",0.0,"1","1","0","0","1",1,"AT"
"2013-004813-41",0.0,"1","1","0","0","1",1,"BE"
"2013-004813-41",0.0,"1","1","0","0","1",1,"NL"
"2013-004813-41",0.0,"1","1","0","0","1",1,"NO"
"2013-004813-41",0.0,"1","1","0","0","1",1,"IE"
"2013-004813-41",0.0,"1","1","0","0","1",1,"EE"
"2013-004813-41",0.0,"1","1","0","0","1",1,"PT"
"2013-004813-41",0.0,"1","1","0","0","1",1,"DE"
"2013-004813-41",0.0,"1","1","0","0","1",1,"IT"
"2011-001345-32",0.0,"1","1","0","0","1",1,"DE"
"2011-001345-32",0.0,"1","1","0","0","1",1,"AT"
"2011-001345-32",0.0,"1","1","0","0","1",1,"PT"
"2011-001345-32",0.0,"1","1","0","0","1",1,"BE"
"2011-001345-32",0.0,"1","1","0","0","1",1,"PL"
"2011-001345-32",0.0,"1","1","0","0","1",1,"EE"
"2011-001345-32",0.0,"1","1","0","0","1",1,"GB"
"2011-001345-32",0.0,"1","1","0","0","1",1,"CZ"
"2010-019318-26",0.0,"1","1","0","0","1",1,"FR"
"2010-019318-26",0.0,"1","1","0","0","1",1,"NO"
"2010-019318-26",0.0,"1","1","0","0","1",1,"BG"
"2010-019318-26",0.0,"1","1","0","0","1",1,"BE"
"2010-019318-26",0.0,"1","1","0","0","1",1,"PT"
"2010-019318-26",0.0,"1","1","0","0","1",1,"AT"
"2010-019318-26",0.0,"1","1","0","0","1",1,"SE"
"2010-019318-26",0.0,"1","1","0","0","1",1,"CZ"
"2010-019318-26",0.0,"1","1","0","0","1",1,"HU"
"2010-019318-26",0.0,"1","1","","","1",1,"ES"
"2013-002053-30",0.0,"1","1","0","0","1",1,"ES"
"2013-002053-30",0.0,"1","1","0","0","1",1,"IT"
"2011-005328-17",0.0,"1","1","0","0","1",1,"FR"
"2011-005328-17",0.0,"1","1","0","0","1",1,"GR"
"2011-005328-17",0.0,"1","1","0","0","1",1,"ES"
"2011-005328-17",0.0,"1","1","0","0","1",1,"BG"
"2011-005328-17",0.0,"1","1","0","0","1",1,"GB"
"2011-005328-17",0.0,"1","1","0","0","1",1,"LT"
"2011-005328-17",0.0,"1","1","0","0","1",1,"PT"
"2011-005328-17",0.0,"1","1","0","0","1",1,"SE"
"2011-005328-17",0.0,"1","1","0","0","1",1,"DE"
"2011-005328-17",0.0,"1","1","0","0","1",1,"PL"
"2011-005328-17",0.0,"1","1","0","0","1",1,"CZ"
"2011-005328-17",0.0,"1","1","0","0","1",1,"SI"
"2012-002018-37",0.0,"1","1","0","0","1",1,"DE"
"2012-002018-37",0.0,"1","1","0","0","1",1,"FR"
"2012-002018-37",0.0,"1","1","0","0","1",1,"BE"
"2012-002018-37",0.0,"1","1","0","0","1",1,"GB"
"2012-002018-37",0.0,"1","1","0","0","1",1,"SE"
"2012-002018-37",0.0,"1","1","0","0","1",1,"AT"
"2012-002018-37",0.0,"1","1","0","0","1",1,"CZ"
"2014-001286-28",0.0,"1","1","0","0","1",1,"PT"
"2014-001286-28",0.0,"1","1","0","0","1",1,"PL"
"2014-001286-28",0.0,"1","1","0","0","1",1,"NL"
"2014-001286-28",0.0,"1","1","0","0","1",1,"DE"
"2014-001286-28",0.0,"1","1","0","0","1",1,"HU"
"2014-001286-28",0.0,"1","1","0","0","1",1,"FI"
"2014-001286-28",0.0,"1","1","0","0","1",1,"SE"
"2014-001286-28",0.0,"1","1","0","0","1",1,"CZ"
"2014-001286-28",0.0,"1","1","0","0","1",1,"GR"
"2014-001286-28",0.0,"1","1","0","0","1",1,"IT"
"2009-011925-14",0.0,"1","1","0","0","1",1,"AT"
"2009-011925-14",0.0,"1","1","0","0","1",1,"GB"
"2009-011925-14",0.0,"1","1","0","0","1",1,"HU"
"2015-000340-42",0.0,"1","1","0","0","1",1,"AT"
"2015-000340-42",0.0,"1","1","0","0","1",1,"BE"
"2015-000340-42",0.0,"1","1","0","0","1",1,"BG"
"2015-000340-42",0.0,"1","1","0","0","1",1,"DE"
"2015-000340-42",0.0,"1","1","0","0","1",1,"PT"
"2015-000340-42",0.0,"1","1","0","0","1",1,"NL"
"2015-000340-42",0.0,"1","1","0","0","1",1,"FR"
"2015-000340-42",0.0,"1","1","0","0","1",1,"GR"
"2015-000340-42",0.0,"1","1","0","0","1",1,"IT"
"2015-000340-42",0.0,"1","1","0","0","1",1,"ES"
"2015-004703-23",0.0,"1","1","0","0","1",1,"ES"
"2015-004703-23",0.0,"1","1","0","0","1",1,"FR"
"2013-000516-25",0.0,"1","1","0","0","1",1,"IT"
"2013-000516-25",0.0,"1","1","0","0","1",1,"AT"
"2013-000516-25",0.0,"1","1","0","0","1",1,"NL"
"2013-000516-25",0.0,"1","1","0","0","1",1,"ES"
"2014-000331-16",0.0,"1","1","0","0","1",1,"AT"
"2014-000331-16",0.0,"1","1","0","0","1",1,"GB"
"2006-000720-13",0.0,"1","1","0","0","1",1,"AT"
"2006-000720-13",0.0,"1","1","0","0","1",1,"CZ"
"2010-020814-27",0.0,"1","1","0","0","1",1,"NL"
"2010-020814-27",0.0,"1","1","0","0","1",1,"BE"
"2010-020814-27",0.0,"1","1","0","0","1",1,"DE"
"2013-000860-27",0.0,"1","1","0","0","1",1,"FR"
"2013-000860-27",0.0,"1","1","0","0","1",1,"PL"
"2013-000860-27",0.0,"1","1","0","0","1",1,"IT"
"2008-007609-36",0.0,"1","1","0","0","1",1,"DE"
"2011-005238-21",0.0,"1","1","0","0","1",1,"FR"
"2011-005238-21",0.0,"1","1","0","0","1",1,"DE"
"2009-016584-10",0.0,"1","1","0","0","1",1,"DE"
"2009-015119-42",0.0,"1","1","0","0","1",1,"DE"
"2010-022629-14",0.0,"1","1","0","0","1",1,"GR"
"2010-022629-14",0.0,"1","1","0","0","1",1,"DE"
"2010-022629-14",0.0,"1","1","0","0","1",1,"GB"
"2010-022629-14",0.0,"1","1","0","0","1",1,"HU"
"2010-022629-14",0.0,"1","1","","","1",1,"ES"
"2014-003655-66",0.0,"1","1","0","0","1",1,"DK"
"2014-003655-66",0.0,"1","1","0","0","1",1,"GR"
"2014-003655-66",0.0,"1","1","0","0","1",1,"NL"
"2014-003655-66",0.0,"1","1","0","0","1",1,"PL"
"2014-003655-66",0.0,"1","1","0","0","1",1,"ES"
"2008-007008-27",0.0,"1","1","0","0","1",1,"IT"
"2008-007008-27",0.0,"1","1","","","1",1,"ES"
"2008-007008-27",0.0,"1","1","","","1",1,"FR"
"2008-007008-27",0.0,"1","1","","","1",1,"SE"
"2008-007008-27",0.0,"1","1","","","1",1,"DE"
"2008-007008-27",0.0,"1","1","","","1",1,"GR"
"2011-000392-14",0.0,"1","1","0","0","1",1,"NL"
"2011-000392-14",0.0,"1","1","0","0","1",1,"DK"
"2011-000392-14",0.0,"1","1","0","0","1",1,"HU"
"2011-000392-14",0.0,"1","1","0","0","1",1,"PL"
"2011-000392-14",0.0,"1","1","0","0","1",1,"SE"
"2011-000392-14",0.0,"1","1","0","0","1",1,"GR"
"2011-000392-14",0.0,"1","1","0","0","1",1,"ES"
"2013-000577-77",0.0,"1","1","0","0","1",1,"DE"
"2013-000577-77",0.0,"1","1","0","0","1",1,"ES"
"2011-001539-21",0.0,"1","1","0","0","1",1,"DE"
"2011-002159-32",0.0,"1","1","0","0","1",1,"PL"
"2011-002159-32",0.0,"1","1","0","0","1",1,"BE"
"2011-002159-32",0.0,"1","1","0","0","1",1,"PT"
"2011-002159-32",0.0,"1","1","0","0","1",1,"DE"
"2011-002159-32",0.0,"1","1","0","0","1",1,"IT"
"2006-006538-16",0.0,"1","1","0","0","1",1,"FR"
"2006-006538-16",0.0,"1","1","0","0","1",1,"DE"
"2006-006538-16",0.0,"1","1","","","1",1,"GB"
"2006-006538-16",0.0,"1","1","","","1",1,"DK"
"2006-006538-16",0.0,"1","1","","","1",1,"NL"
"2013-003829-29",0.0,"1","1","0","0","1",1,"DE"
"2013-003829-29",0.0,"1","1","0","0","1",1,"ES"
"2013-003829-29",0.0,"1","1","0","0","1",1,"IT"
"2014-002009-40",0.0,"1","1","0","0","1",1,"IE"
"2014-002009-40",0.0,"1","1","0","0","1",1,"GB"
"2014-002009-40",0.0,"1","1","0","0","1",1,"PL"
"2014-002009-40",0.0,"1","1","0","0","1",1,"DK"
"2014-002009-40",0.0,"1","1","0","0","1",1,"HU"
"2014-002009-40",0.0,"1","1","0","0","1",1,"ES"
"2012-003593-51",0.0,"1","1","0","0","1",1,"IT"
"2012-003593-51",0.0,"1","1","0","0","1",1,"NL"
"2012-003593-51",0.0,"1","1","0","0","1",1,"SK"
"2012-003593-51",0.0,"1","1","0","0","1",1,"GR"
"2012-003593-51",0.0,"1","1","0","0","1",1,"ES"
"2012-003593-51",0.0,"1","1","0","0","1",1,"FR"
"2009-015459-25",0.0,"1","1","0","0","1",1,"GB"
"2009-015459-25",0.0,"1","1","","","1",1,"HU"
"2009-015459-25",0.0,"1","1","","","1",1,"SE"
"2009-015459-25",0.0,"1","1","","","1",1,"NO"
"2009-015459-25",0.0,"1","1","","","1",1,"ES"
"2007-006611-23",0.0,"1","1","0","0","1",1,"IT"
"2007-006611-23",0.0,"1","1","","","1",1,"LT"
"2007-006611-23",0.0,"1","1","","","1",1,"DE"
"2007-006611-23",0.0,"1","1","","","1",1,"SE"
"2007-006611-23",0.0,"1","1","","","1",1,"GB"
"2007-006611-23",0.0,"1","1","","","1",1,"PT"
"2010-021370-11",0.0,"1","1","0","0","1",1,"DE"
"2015-004722-34",0.0,"1","1","0","0","1",1,"GB"
"2015-004722-34",0.0,"1","1","0","0","1",1,"ES"
"2015-004722-34",0.0,"1","1","0","0","1",1,"AT"
"2015-004722-34",0.0,"1","1","0","0","1",1,"PL"
"2015-004722-34",0.0,"1","1","0","0","1",1,"SE"
"2010-022758-18",0.0,"1","1","0","0","1",1,"DE"
"2010-022758-18",0.0,"1","1","0","0","1",1,"DK"
"2010-022758-18",0.0,"1","1","0","0","1",1,"HU"
"2010-022758-18",0.0,"1","1","","","1",1,"BE"
"2014-002273-11",0.0,"1","1","0","0","1",1,"IE"
"2012-005283-97",0.0,"1","1","0","0","1",1,"BE"
"2012-005283-97",0.0,"1","1","0","0","1",1,"FR"
"2012-005283-97",0.0,"1","1","0","0","1",1,"NL"
"2012-005283-97",0.0,"1","1","0","0","1",1,"PL"
"2012-005283-97",0.0,"1","1","0","0","1",1,"ES"
"2012-005283-97",0.0,"1","1","0","0","1",1,"BG"
"2012-000128-16",0.0,"1","1","0","0","1",1,"HU"
"2012-000128-16",0.0,"1","1","0","0","1",1,"AT"
"2012-000128-16",0.0,"1","1","0","0","1",1,"DE"
"2012-000128-16",0.0,"1","1","0","0","1",1,"ES"
"2012-000128-16",0.0,"1","1","0","0","1",1,"IT"
"2014-000255-85",0.0,"1","1","0","0","1",1,"SE"
"2014-000255-85",0.0,"1","1","0","0","1",1,"DE"
"2014-000255-85",0.0,"1","1","0","0","1",1,"NL"
"2014-000255-85",0.0,"1","1","0","0","1",1,"HU"
"2014-000255-85",0.0,"1","1","0","0","1",1,"CZ"
"2014-000255-85",0.0,"1","1","0","0","1",1,"IT"
"2014-005603-25",0.0,"1","1","0","0","1",1,"NL"
"2014-005603-25",0.0,"1","1","0","0","1",1,"DE"
"2014-005603-25",0.0,"1","1","0","0","1",1,"GB"
"2014-005603-25",0.0,"1","1","0","0","1",1,"FI"
"2014-005603-25",0.0,"1","1","0","0","1",1,"GR"
"2014-005603-25",0.0,"1","1","0","0","1",1,"ES"
"2009-010403-84",0.0,"1","1","0","0","1",1,"DE"
"2015-001476-22",0.0,"1","1","0","0","1",1,"IE"
"2015-001476-22",0.0,"1","1","0","0","1",1,"GB"
"2015-001476-22",0.0,"1","1","0","0","1",1,"SE"
"2015-001476-22",0.0,"1","1","0","0","1",1,"AT"
"2015-001476-22",0.0,"1","1","0","0","1",1,"NL"
"2015-001476-22",0.0,"1","1","0","0","1",1,"BE"
"2015-001476-22",0.0,"1","1","0","0","1",1,"HU"
"2014-001280-13",0.0,"1","1","0","0","1",1,"DE"
"2009-011252-22",0.0,"1","1","0","0","1",1,"DE"
"2009-017775-19",0.0,"1","1","0","0","1",1,"NL"
"2009-017775-19",0.0,"1","1","0","0","1",1,"AT"
"2009-017775-19",0.0,"1","1","0","0","1",1,"BG"
"2009-017775-19",0.0,"1","1","0","0","1",1,"HU"
"2009-017775-19",0.0,"1","1","0","0","1",1,"DE"
"2009-017775-19",0.0,"1","1","0","0","1",1,"EE"
"2009-017775-19",0.0,"1","1","0","0","1",1,"LV"
"2009-017775-19",0.0,"1","1","0","0","1",1,"CZ"
"2009-017775-19",0.0,"1","1","0","0","1",1,"SE"
"2009-017775-19",0.0,"1","1","0","0","1",1,"SK"
"2009-017775-19",0.0,"1","1","0","0","1",1,"GB"
"2009-017775-19",0.0,"1","1","0","0","1",1,"FR"
"2009-017775-19",0.0,"1","1","0","0","1",1,"GR"
"2009-017775-19",0.0,"1","1","0","0","1",1,"SI"
"2013-004659-19",0.0,"1","1","0","0","1",1,"LV"
"2013-004659-19",0.0,"1","1","0","0","1",1,"LT"
"2013-004659-19",0.0,"1","1","0","0","1",1,"PT"
"2013-004659-19",0.0,"1","1","0","0","1",1,"DE"
"2013-004659-19",0.0,"1","1","0","0","1",1,"SK"
"2006-006188-22",0.0,"1","1","0","0","1",1,"AT"
"2006-006188-22",0.0,"1","1","0","0","1",1,"DE"
"2006-006188-22",0.0,"1","1","0","0","1",1,"IT"
"2013-000319-26",0.0,"1","1","0","0","1",1,"PT"
"2013-000319-26",0.0,"1","1","0","0","1",1,"SE"
"2013-000319-26",0.0,"1","1","0","0","1",1,"IT"
"2013-000319-26",0.0,"1","1","0","0","1",1,"DE"
"2013-000319-26",0.0,"1","1","0","0","1",1,"GB"
"2013-000319-26",0.0,"1","1","0","0","1",1,"ES"
"2013-000319-26",0.0,"1","1","0","0","1",1,"DK"
"2015-002894-39",0.0,"1","1","0","0","1",1,"DE"
"2015-002894-39",0.0,"1","1","0","0","1",1,"NL"
"2015-002894-39",0.0,"1","1","0","0","1",1,"ES"
"2015-002894-39",0.0,"1","1","","","1",1,"IT"
"2010-020601-32",0.0,"1","1","0","0","1",1,"IT"
"2010-020601-32",0.0,"1","1","0","0","1",1,"NO"
"2010-020601-32",0.0,"1","1","0","0","1",1,"CZ"
"2010-020601-32",0.0,"1","1","0","0","1",1,"DE"
"2010-020601-32",0.0,"1","1","0","0","1",1,"FI"
"2010-020601-32",0.0,"1","1","0","0","1",1,"GB"
"2010-020601-32",0.0,"1","1","0","0","1",1,"HU"
"2010-020601-32",0.0,"1","1","0","0","1",1,"SK"
"2012-005736-29",0.0,"1","1","0","0","1",1,"LV"
"2012-005736-29",0.0,"1","1","0","0","1",1,"NL"
"2012-005736-29",0.0,"1","1","0","0","1",1,"BE"
"2012-005736-29",0.0,"1","1","0","0","1",1,"DK"
"2012-005736-29",0.0,"1","1","0","0","1",1,"HU"
"2012-005736-29",0.0,"1","1","0","0","1",1,"GB"
"2012-005736-29",0.0,"1","1","0","0","1",1,"ES"
"2012-005736-29",0.0,"1","1","0","0","1",1,"CZ"
"2012-005735-91",0.0,"1","1","0","0","1",1,"GR"
"2012-005735-91",0.0,"1","1","0","0","1",1,"BG"
"2012-005735-91",0.0,"1","1","0","0","1",1,"BE"
"2012-005735-91",0.0,"1","1","0","0","1",1,"DE"
"2012-005735-91",0.0,"1","1","0","0","1",1,"LT"
"2012-005735-91",0.0,"1","1","0","0","1",1,"EE"
"2012-005735-91",0.0,"1","1","0","0","1",1,"SK"
"2012-005735-91",0.0,"1","1","0","0","1",1,"ES"
"2013-003763-56",0.0,"1","1","0","0","1",1,"IT"
"2013-003763-56",0.0,"1","1","0","0","1",1,"ES"
"2011-005296-16",0.0,"1","1","0","0","1",1,"DE"
"2013-002272-40",0.0,"1","1","0","0","1",1,"DE"
"2008-002356-18",0.0,"1","1","0","0","1",1,"PL"
"2008-002356-18",0.0,"1","1","0","0","1",1,"HU"
"2008-002356-18",0.0,"1","1","0","0","1",1,"DE"
"2008-003617-27",0.0,"1","1","0","0","1",1,"AT"
"2009-017432-40",0.0,"1","1","0","0","1",1,"GB"
"2009-017432-40",0.0,"1","1","0","0","1",1,"AT"
"2009-017432-40",0.0,"1","1","0","0","1",1,"CZ"
"2009-015407-47",0.0,"1","1","0","0","1",1,"IT"
"2009-015407-47",0.0,"1","1","","","1",1,"DE"
"2009-015407-47",0.0,"1","1","","","1",1,"ES"
"2010-022388-37",0.0,"1","1","0","0","1",1,"DE"
"2011-003168-63",0.0,"1","1","0","0","1",1,"AT"
"2008-000077-38",0.0,"1","1","0","0","1",1,"IT"
"2008-000077-38",0.0,"1","1","","","1",1,"NL"
"2008-000077-38",0.0,"1","1","","","1",1,"FR"
"2008-000077-38",0.0,"1","1","","","1",1,"ES"
"2012-000095-42",0.0,"1","1","0","0","1",1,"AT"
"2012-000095-42",0.0,"1","1","0","0","1",1,"BE"
"2012-000095-42",0.0,"1","1","0","0","1",1,"LU"
"2012-000095-42",0.0,"1","1","0","0","1",1,"NL"
"2012-000095-42",0.0,"1","1","0","0","1",1,"DE"
"2012-000095-42",0.0,"1","1","0","0","1",1,"FR"
"2012-000095-42",0.0,"1","1","0","0","1",1,"PT"
"2012-000095-42",0.0,"1","1","0","0","1",1,"PL"
"2012-000095-42",0.0,"1","1","0","0","1",1,"IT"
"2008-004496-22",0.0,"1","1","0","0","1",1,"DE"
"2008-004496-22",0.0,"1","1","","","1",1,"AT"
"2008-004496-22",0.0,"1","1","","","1",1,"FR"
"2011-002567-17",0.0,"1","1","0","0","1",1,"DE"
"2008-003003-31",0.0,"1","1","0","0","1",1,"BE"
"2008-003003-31",0.0,"1","1","0","0","1",1,"DE"
"2008-003003-31",0.0,"1","1","0","0","1",1,"GB"
"2008-003003-31",0.0,"1","1","","","1",1,"AT"
"2009-012476-28",0.0,"1","1","0","0","1",1,"AT"
"2009-012476-28",0.0,"1","1","0","0","1",1,"BG"
"2009-012476-28",0.0,"1","1","0","0","1",1,"DE"
"2009-012476-28",0.0,"1","1","0","0","1",1,"DK"
"2009-012476-28",0.0,"1","1","0","0","1",1,"EE"
"2009-012476-28",0.0,"1","1","0","0","1",1,"FR"
"2009-012476-28",0.0,"1","1","0","0","1",1,"NL"
"2009-012476-28",0.0,"1","1","0","0","1",1,"RO"
"2009-012476-28",0.0,"1","1","0","0","1",1,"CZ"
"2009-012476-28",0.0,"1","1","","","1",1,"ES"
"2015-002509-13",0.0,"1","1","0","0","1",1,"FR"
"2015-002509-13",0.0,"1","1","0","0","1",1,"ES"
"2015-002509-13",0.0,"1","1","","","1",1,"IT"
"2014-005595-28",0.0,"1","1","0","0","1",1,"DE"
"2012-000452-34",0.0,"1","1","0","0","1",1,"CZ"
"2013-003050-25",0.0,"1","1","0","0","1",1,"FR"
"2013-003050-25",0.0,"1","1","0","0","1",1,"SE"
"2014-000382-41",0.0,"1","1","0","0","1",1,"DE"
"2008-003800-73",0.0,"1","1","0","0","1",1,"BE"
"2008-003800-73",0.0,"1","1","0","0","1",1,"DE"
"2008-001180-11",0.0,"1","1","0","0","1",1,"DE"
"2016-004599-23",0.0,"1","1","0","0","1",1,"BE"
"2016-004599-23",0.0,"1","1","0","0","1",1,"DE"
"2012-001923-11",0.0,"1","1","0","0","1",1,"GB"
"2012-001923-11",0.0,"1","1","0","0","1",1,"SE"
"2012-001923-11",0.0,"1","1","0","0","1",1,"ES"
"2012-001923-11",0.0,"1","1","0","0","1",1,"CZ"
"2012-001923-11",0.0,"1","1","0","0","1",1,"IT"
"2010-024473-39",0.0,"1","1","0","0","1",1,"PT"
"2010-024473-39",0.0,"1","1","0","0","1",1,"GR"
"2010-024473-39",0.0,"1","1","0","0","1",1,"AT"
"2010-024473-39",0.0,"1","1","0","0","1",1,"DE"
"2010-024473-39",0.0,"1","1","0","0","1",1,"PL"
"2010-024473-39",0.0,"1","1","0","0","1",1,"SK"
"2010-024473-39",0.0,"1","1","0","0","1",1,"ES"
"2013-005007-13",0.0,"1","1","0","0","1",1,"DE"
"2013-002707-33",0.0,"1","1","0","0","1",1,"BE"
"2013-002707-33",0.0,"1","1","0","0","1",1,"BG"
"2013-002707-33",0.0,"1","1","0","0","1",1,"FR"
"2013-002707-33",0.0,"1","1","0","0","1",1,"GB"
"2013-002707-33",0.0,"1","1","0","0","1",1,"NL"
"2013-002707-33",0.0,"1","1","0","0","1",1,"PL"
"2013-002707-33",0.0,"1","1","0","0","1",1,"RO"
"2013-002707-33",0.0,"1","1","0","0","1",1,"CZ"
"2008-006871-60",0.0,"1","1","0","0","1",1,"AT"
"2010-024332-42",0.0,"1","1","0","0","1",1,"DE"
"2010-024332-42",0.0,"1","1","0","0","1",1,"GB"
"2010-024332-42",0.0,"1","1","0","0","1",1,"ES"
"2010-024332-42",0.0,"1","1","0","0","1",1,"IT"
"2011-000391-34",0.0,"1","1","0","0","1",1,"IT"
"2011-000391-34",0.0,"1","1","0","0","1",1,"AT"
"2011-000391-34",0.0,"1","1","0","0","1",1,"CZ"
"2011-000391-34",0.0,"1","1","0","0","1",1,"DK"
"2011-000391-34",0.0,"1","1","","","1",1,"ES"
"2013-003129-27",0.0,"1","1","0","0","1",1,"DE"
"2013-003129-27",0.0,"1","1","0","0","1",1,"ES"
"2014-002446-47",0.0,"1","1","0","0","1",1,"DE"
"2014-002446-47",0.0,"1","1","0","0","1",1,"AT"
"2014-002446-47",0.0,"1","1","0","0","1",1,"NL"
"2014-002446-47",0.0,"1","1","0","0","1",1,"ES"
"2008-000615-15",0.0,"1","1","0","0","1",1,"AT"
"2008-000615-15",0.0,"1","1","0","0","1",1,"DE"
"2008-000615-15",0.0,"1","1","0","0","1",1,"IT"
"2012-001888-78",0.0,"1","1","0","0","1",1,"NL"
"2012-001888-78",0.0,"1","1","0","0","1",1,"AT"
"2012-001888-78",0.0,"1","1","0","0","1",1,"DE"
"2012-001888-78",0.0,"1","1","0","0","1",1,"DK"
"2012-001888-78",0.0,"1","1","0","0","1",1,"GB"
"2012-001888-78",0.0,"1","1","0","0","1",1,"PT"
"2012-001888-78",0.0,"1","1","0","0","1",1,"SE"
"2012-001888-78",0.0,"1","1","0","0","1",1,"PL"
"2012-001888-78",0.0,"1","1","0","0","1",1,"NO"
"2013-001903-36",0.0,"1","1","0","0","1",1,"GB"
"2013-001903-36",0.0,"1","1","0","0","1",1,"NL"
"2013-001903-36",0.0,"1","1","0","0","1",1,"FR"
"2013-001903-36",0.0,"1","1","0","0","1",1,"GR"
"2014-003282-19",0.0,"1","1","0","0","1",1,"DE"
"2014-003282-19",0.0,"1","1","0","0","1",1,"FR"
"2014-003282-19",0.0,"1","1","0","0","1",1,"GR"
"2014-003282-19",0.0,"1","1","0","0","1",1,"PL"
"2014-003282-19",0.0,"1","1","0","0","1",1,"ES"
"2011-004651-40",0.0,"1","1","0","0","1",1,"DE"
"2011-004651-40",0.0,"1","1","0","0","1",1,"AT"
"2011-004651-40",0.0,"1","1","0","0","1",1,"IT"
"2006-004532-73",0.0,"1","1","0","0","1",1,"DE"
"2011-003545-18",0.0,"1","1","0","0","1",1,"BG"
"2011-003545-18",0.0,"1","1","0","0","1",1,"DK"
"2011-003545-18",0.0,"1","1","0","0","1",1,"HU"
"2011-003545-18",0.0,"1","1","0","0","1",1,"PT"
"2011-003545-18",0.0,"1","1","0","0","1",1,"ES"
"2013-003713-18",0.0,"1","1","0","0","1",1,"DE"
"2013-003713-18",0.0,"1","1","0","0","1",1,"BE"
"2013-003713-18",0.0,"1","1","0","0","1",1,"HU"
"2013-003713-18",0.0,"1","1","0","0","1",1,"IT"
"2008-001451-21",0.0,"1","1","0","0","1",1,"IT"
"2008-001451-21",0.0,"1","1","","","1",1,"AT"
"2008-001451-21",0.0,"1","1","","","1",1,"PL"
"2008-001451-21",0.0,"1","1","","","1",1,"SK"
"2008-001451-21",0.0,"1","1","","","1",1,"SE"
"2008-001451-21",0.0,"1","1","","","1",1,"FR"
"2008-001451-21",0.0,"1","1","","","1",1,"GR"
"2008-001451-21",0.0,"1","1","","","1",1,"IE"
"2008-001451-21",0.0,"1","1","","","1",1,"GB"
"2008-001451-21",0.0,"1","1","","","1",1,"ES"
"2009-011056-21",0.0,"1","1","0","0","1",1,"IT"
"2009-011056-21",0.0,"1","1","0","0","1",1,"NL"
"2009-011056-21",0.0,"1","1","","","1",1,"FR"
"2009-011056-21",0.0,"1","1","","","1",1,"DK"
"2009-011056-21",0.0,"1","1","","","1",1,"ES"
"2013-000314-38",0.0,"1","1","0","0","1",1,"FR"
"2013-000314-38",0.0,"1","1","0","0","1",1,"BE"
"2013-000314-38",0.0,"1","1","0","0","1",1,"AT"
"2013-000314-38",0.0,"1","1","0","0","1",1,"GR"
"2012-002808-41",0.0,"1","1","0","0","1",1,"SE"
"2012-002808-41",0.0,"1","1","0","0","1",1,"GB"
"2012-002808-41",0.0,"1","1","0","0","1",1,"BE"
"2012-002808-41",0.0,"1","1","0","0","1",1,"AT"
"2013-004136-30",0.0,"1","1","0","0","1",1,"AT"
"2013-004136-30",0.0,"1","1","0","0","1",1,"DE"
"2013-004136-30",0.0,"1","1","0","0","1",1,"HU"
"2013-004136-30",0.0,"1","1","0","0","1",1,"NL"
"2013-004136-30",0.0,"1","1","0","0","1",1,"BE"
"2013-004136-30",0.0,"1","1","0","0","1",1,"LT"
"2013-004136-30",0.0,"1","1","0","0","1",1,"SE"
"2013-004136-30",0.0,"1","1","0","0","1",1,"ES"
"2013-004136-30",0.0,"1","1","0","0","1",1,"IT"
"2013-004136-30",0.0,"1","1","0","0","1",1,"GR"
"2012-002805-23",0.0,"1","1","0","0","1",1,"DE"
"2012-002805-23",0.0,"1","1","0","0","1",1,"ES"
"2012-002805-23",0.0,"1","1","0","0","1",1,"CZ"
"2015-002222-40",0.0,"1","1","0","0","1",1,"DE"
"2015-002222-40",0.0,"1","1","0","0","1",1,"GB"
"2015-002222-40",0.0,"1","1","0","0","1",1,"BE"
"2011-002380-24",0.0,"1","1","0","0","1",1,"DK"
"2011-002380-24",0.0,"1","1","0","0","1",1,"GR"
"2011-002380-24",0.0,"1","1","0","0","1",1,"GB"
"2011-002380-24",0.0,"1","1","0","0","1",1,"NL"
"2011-002380-24",0.0,"1","1","0","0","1",1,"ES"
"2012-005541-21",0.0,"1","1","0","0","1",1,"GB"
"2012-005541-21",0.0,"1","1","0","0","1",1,"BE"
"2012-005541-21",0.0,"1","1","0","0","1",1,"ES"
"2012-005541-21",0.0,"1","1","0","0","1",1,"CZ"
"2007-004803-36",0.0,"1","1","0","0","1",1,"AT"
"2007-004803-36",0.0,"1","1","0","0","1",1,"DK"
"2007-004803-36",0.0,"1","1","0","0","1",1,"IT"
"2007-004803-36",0.0,"1","1","","","1",1,"BG"
"2007-004803-36",0.0,"1","1","","","1",1,"CZ"
"2007-004803-36",0.0,"1","1","","","1",1,"GR"
"2007-004803-36",0.0,"1","1","","","1",1,"SK"
"2007-004803-36",0.0,"1","1","","","1",1,"ES"
"2014-004944-37",0.0,"1","1","0","0","1",1,"PT"
"2014-004944-37",0.0,"1","1","0","0","1",1,"SE"
"2014-004944-37",0.0,"1","1","0","0","1",1,"NL"
"2014-004944-37",0.0,"1","1","0","0","1",1,"DK"
"2014-004944-37",0.0,"1","1","0","0","1",1,"AT"
"2014-004944-37",0.0,"1","1","0","0","1",1,"BE"
"2014-004944-37",0.0,"1","1","0","0","1",1,"ES"
"2015-001274-17",0.0,"1","1","0","0","1",1,"DE"
"2015-001274-17",0.0,"1","1","0","0","1",1,"FI"
"2014-004267-20",0.0,"1","1","0","0","1",1,"DE"
"2013-004430-15",0.0,"1","1","0","0","1",1,"DK"
"2013-004430-15",0.0,"1","1","0","0","1",1,"CZ"
"2007-005365-35",0.0,"1","1","0","0","1",1,"GB"
"2007-005365-35",0.0,"1","1","","","1",1,"DE"
"2007-005365-35",0.0,"1","1","","","1",1,"DK"
"2007-005365-35",0.0,"1","1","","","1",1,"SE"
"2012-002627-15",0.0,"1","1","0","0","1",1,"BG"
"2012-002627-15",0.0,"1","1","0","0","1",1,"NO"
"2012-002627-15",0.0,"1","1","0","0","1",1,"LT"
"2012-002627-15",0.0,"1","1","0","0","1",1,"FI"
"2012-002627-15",0.0,"1","1","0","0","1",1,"DE"
"2012-002627-15",0.0,"1","1","0","0","1",1,"PT"
"2012-002627-15",0.0,"1","1","0","0","1",1,"SE"
"2012-002627-15",0.0,"1","1","0","0","1",1,"ES"
"2012-002627-15",0.0,"1","1","0","0","1",1,"CZ"
"2012-002627-15",0.0,"1","1","0","0","1",1,"IT"
"2012-000066-37",0.0,"1","1","0","0","1",1,"DE"
"2012-000066-37",0.0,"1","1","0","0","1",1,"CZ"
"2008-007087-42",0.0,"1","1","0","0","1",1,"DE"
"2008-007087-42",0.0,"1","1","","","1",1,"DK"
"2008-007087-42",0.0,"1","1","","","1",1,"HU"
"2008-007087-42",0.0,"1","1","","","1",1,"PT"
"2007-001452-39",0.0,"1","1","0","0","1",1,"IT"
"2007-001452-39",0.0,"1","1","","","1",1,"AT"
"2007-001452-39",0.0,"1","1","","","1",1,"BE"
"2007-001452-39",0.0,"1","1","","","1",1,"CZ"
"2007-001452-39",0.0,"1","1","","","1",1,"DK"
"2007-001452-39",0.0,"1","1","","","1",1,"FR"
"2007-001452-39",0.0,"1","1","","","1",1,"GB"
"2007-001452-39",0.0,"1","1","","","1",1,"HU"
"2007-001452-39",0.0,"1","1","","","1",1,"IE"
"2007-001452-39",0.0,"1","1","","","1",1,"IS"
"2007-001452-39",0.0,"1","1","","","1",1,"LV"
"2007-001452-39",0.0,"1","1","","","1",1,"NL"
"2007-001452-39",0.0,"1","1","","","1",1,"PT"
"2007-001452-39",0.0,"1","1","","","1",1,"ES"
"2015-001112-35",0.0,"1","1","0","0","1",1,"FR"
"2010-022459-45",0.0,"1","1","0","0","1",1,"IT"
"2010-022459-45",0.0,"1","1","0","0","1",1,"NL"
"2005-003440-66",0.0,"1","1","0","0","1",1,"FI"
"2005-003440-66",0.0,"1","1","","","1",1,"BE"
"2005-003440-66",0.0,"1","1","","","1",1,"DE"
"2005-003440-66",0.0,"1","1","","","1",1,"GB"
"2008-005056-24",0.0,"1","1","0","0","1",1,"FR"
"2008-005056-24",0.0,"1","1","0","0","1",1,"AT"
"2008-005056-24",0.0,"1","1","","","1",1,"ES"
"2012-003630-16",0.0,"1","1","0","0","1",1,"AT"
"2008-006021-14",0.0,"1","1","0","0","1",1,"AT"
"2008-006021-14",0.0,"1","1","0","0","1",1,"BE"
"2008-006021-14",0.0,"1","1","0","0","1",1,"GR"
"2008-006021-14",0.0,"1","1","0","0","1",1,"DE"
"2005-000454-73",0.0,"1","1","0","0","1",1,"BE"
"2005-000454-73",0.0,"1","1","0","0","1",1,"GB"
"2005-000454-73",0.0,"1","1","0","0","1",1,"SE"
"2005-000454-73",0.0,"1","1","","","1",1,"ES"
"2014-005330-58",0.0,"1","1","0","0","1",1,"DE"
"2011-002192-41",0.0,"1","1","0","0","1",1,"DE"
"2013-004674-97",0.0,"1","1","0","0","1",1,"BE"
"2013-004674-97",0.0,"1","1","0","0","1",1,"AT"
"2013-004674-97",0.0,"1","1","0","0","1",1,"DE"
"2013-004674-97",0.0,"1","1","0","0","1",1,"DK"
"2013-004674-97",0.0,"1","1","0","0","1",1,"GB"
"2014-004599-49",0.0,"1","1","0","0","1",1,"PL"
"2014-004599-49",0.0,"1","1","0","0","1",1,"GB"
"2014-004599-49",0.0,"1","1","0","0","1",1,"NL"
"2014-004599-49",0.0,"1","1","0","0","1",1,"SE"
"2012-002603-17",0.0,"1","1","0","0","1",1,"DK"
"2015-003739-37",0.0,"1","1","0","0","1",1,"AT"
"2015-003739-37",0.0,"1","1","0","0","1",1,"GB"
"2015-003739-37",0.0,"1","1","0","0","1",1,"NL"
"2015-003739-37",0.0,"1","1","0","0","1",1,"PL"
"2015-003739-37",0.0,"1","1","0","0","1",1,"ES"
"2010-023427-18",0.0,"1","1","0","0","1",1,"DE"
"2008-001421-34",0.0,"1","1","0","0","1",1,"AT"
"2008-001421-34",0.0,"1","1","0","0","1",1,"DE"
"2014-002854-37",0.0,"1","1","0","0","1",1,"DE"
"2010-024379-15",0.0,"1","1","0","0","1",1,"DE"
"2012-003535-27",0.0,"1","1","0","0","1",1,"BE"
"2012-003535-27",0.0,"1","1","0","0","1",1,"DE"
"2012-003535-27",0.0,"1","1","0","0","1",1,"PT"
"2012-003535-27",0.0,"1","1","0","0","1",1,"ES"
"2012-003535-27",0.0,"1","1","0","0","1",1,"GR"
"2008-006439-12",0.0,"1","1","0","0","1",1,"IE"
"2008-006439-12",0.0,"1","1","0","0","1",1,"GB"
"2008-006439-12",0.0,"1","1","0","0","1",1,"CZ"
"2008-006439-12",0.0,"1","1","0","0","1",1,"DE"
"2008-006439-12",0.0,"1","1","0","0","1",1,"FI"
"2008-006439-12",0.0,"1","1","0","0","1",1,"SE"
"2008-006439-12",0.0,"1","1","0","0","1",1,"PT"
"2008-006439-12",0.0,"1","1","","","1",1,"ES"
"2012-000414-11",0.0,"1","1","1","0","1",1,"FI"
"2012-000414-11",0.0,"1","1","1","0","1",1,"LT"
"2005-004094-25",0.0,"1","1","","","0",1,"AT"
"2005-004094-25",0.0,"1","1","","","0",1,"BE"
"2005-004094-25",0.0,"1","1","","","0",1,"SK"
"2005-004094-25",0.0,"1","1","","","0",1,"DK"
"2005-004094-25",0.0,"1","1","","","0",1,"CZ"
"2005-004094-25",0.0,"1","1","","","0",1,"DE"
"2005-004094-25",0.0,"1","1","","","",1,"GR"
"2010-021868-15",0.0,"1","1","","","0",1,"DK"
"2005-002524-34",0.0,"1","1","","","1",1,"AT"
"2005-002524-34",0.0,"1","1","","","1",1,"BE"
"2005-002524-34",0.0,"1","1","","","1",1,"SE"
"2005-002524-34",0.0,"1","1","","","1",1,"DK"
"2005-002524-34",0.0,"1","1","","","1",1,"ES"
"2009-010548-32",0.0,"1","1","","","1",1,"HU"
"2009-010548-32",0.0,"1","1","","","1",1,"ES"
"2007-004344-78",0.0,"1","1","","","1",1,"NL"
"2007-004344-78",0.0,"1","1","","","1",1,"AT"
"2007-004344-78",0.0,"1","1","","","1",1,"CZ"
"2007-004344-78",0.0,"1","1","","","1",1,"BE"
"2008-006181-28",0.0,"1","1","","","1",1,"DE"
"2008-006181-28",0.0,"1","1","","","1",1,"ES"
"2005-001747-29",0.0,"1","1","","","1",1,"AT"
"2005-001747-29",0.0,"1","1","","","1",1,"HU"
"2005-001747-29",0.0,"1","1","","","1",1,"DE"
"2005-001747-29",0.0,"1","1","","","1",1,"GR"
"2005-001747-29",0.0,"1","1","","","1",1,"ES"
"2007-001451-19",0.0,"1","1","","","1",1,"BE"
"2007-001451-19",0.0,"1","1","","","1",1,"CZ"
"2007-001451-19",0.0,"1","1","","","1",1,"FI"
"2007-001451-19",0.0,"1","1","","","1",1,"FR"
"2007-001451-19",0.0,"1","1","","","1",1,"GB"
"2007-001451-19",0.0,"1","1","","","1",1,"GR"
"2007-001451-19",0.0,"1","1","","","1",1,"IE"
"2007-001451-19",0.0,"1","1","","","1",1,"LV"
"2007-001451-19",0.0,"1","1","","","1",1,"NL"
"2007-001451-19",0.0,"1","1","","","1",1,"PT"
"2007-001451-19",0.0,"1","1","","","1",1,"SE"
"2007-001451-19",0.0,"1","1","","","1",1,"DE"
"2007-001451-19",0.0,"1","1","","","1",1,"ES"
"2007-005129-31",0.0,"1","1","","","1",1,"FR"
"2007-005129-31",0.0,"1","1","","","1",1,"BE"
"2007-005129-31",0.0,"1","1","","","1",1,"GB"
"2007-005129-31",0.0,"1","1","","","1",1,"LT"
"2007-005129-31",0.0,"1","1","","","1",1,"SE"
"2007-005129-31",0.0,"1","1","","","1",1,"GR"
"2012-000975-18",0.0,"1","1","0","0","1",1,"DE"
